Workbook

Sheet SCI_Report#BL68LX#jwade#25-MAR-
A1: Plan Status | B1: Origin | C1: Origin City | D1: Origin State | E1: Destination | F1: Destination City | G1: Destination State | H1: Distance | I1: Planned Departure Date | J1: Planned Arrival End | K1: Equipment | L1: Weight | M1: Mode | N1: Carrier | O1: SCAC | P1: Price | Q1: Carrier Ref./Conf. # | R1: Created Date | S1: Description | T1: Class Code | U1: Quantity | V1: Pickup Appointment Date | W1: Ship Month | X1: Weight Num | Y1: Distance Num
A2: Covered | B2: BlueLinx Corporation | C2: Tampa | D2: FL | E2: TIBBETTS-PENSACOLA, LMC 408600 | F2: PENSACOLA | G2: FL | H2: 425 mi | I2: 15-Oct-25 12:01 AM EDT | J2: 15-Oct-25 11:59 PM CDT | K2: Dry Van | L2: 702 lb | M2: LTL | N2: Southeastern Freight | O2: SEFL | P2: 135.91 | Q2: 446799131 | R2: 14-Oct-25 2:26 PM EDT | S2: 1 palletized - boxes of sealant | T2: 65 | U2: 1 ea | V2: 15-Oct-25 1:53 PM EDT | W2: =IF(I2="","",DATE(2000+MID(I2,8,2),MATCH(MID(I2,4,3),{"Jan","Feb","Mar","Apr","May","Jun","Jul","Aug","Sep","Oct","Nov","Dec"},0),1)) -> 45931 | X2: =IF(L2="","",SUBSTITUTE(SUBSTITUTE(L2,",","")," lb",""))*1 -> 702 | Y2: =IF(H2="","",SUBSTITUTE(SUBSTITUTE(H2,",","")," mi",""))*1 -> 425
A3: Covered | B3: TAMLYN & SONS, INC. 20300 | C3: STAFFORD | D3: TX | E3: IMPORT AND EXPORT SOLUTIONS | F3: DEERFIELD BEACH | G3: FL | H3: 1,155 mi | I3: 30-Jan-26 12:01 AM CST | J3: 30-Jan-26 11:59 PM EST | K3: Dry Van | L3: 10 lb | M3: LTL | N3: ESTES EXPRESS LINES | O3: EXLA | P3: 168.92 | Q3: 1560724452 | R3: 29-Jan-26 12:16 PM EST | S3: 10 ft Moulding | T3: 65 | U3: 1 ea | V3: 30-Jan-26 1:51 PM CST | W3: =IF(I3="","",DATE(2000+MID(I3,8,2),MATCH(MID(I3,4,3),{"Jan","Feb","Mar","Apr","May","Jun","Jul","Aug","Sep","Oct","Nov","Dec"},0),1)) -> 46023 | X3: =IF(L3="","",SUBSTITUTE(SUBSTITUTE(L3,",","")," lb",""))*1 -> 10 | Y3: =IF(H3="","",SUBSTITUTE(SUBSTITUTE(H3,",","")," mi",""))*1 -> 1155
A4: Covered | B4: TAPCO COMPANIES | C4: MEADVILLE | D4: PA | E4: BLUELINX CHICAGO | F4: UNIVERSITY PARK | G4: IL | H4: 420 mi | I4: 27-Jan-26 12:01 AM EST | J4: 28-Jan-26 11:59 PM CST | K4: Dry Van | L4: 7,403 lb | M4: LTL | N4: ESTES EXPRESS LINES | O4: EXLA | P4: 603.78 | R4: 23-Jan-26 2:41 PM EST | S4: 100 in x 20 in x 24 in - jack posts | T4: 65 | U4: 10 ea | W4: =IF(I4="","",DATE(2000+MID(I4,8,2),MATCH(MID(I4,4,3),{"Jan","Feb","Mar","Apr","May","Jun","Jul","Aug","Sep","Oct","Nov","Dec"},0),1)) -> 46023 | X4: =IF(L4="","",SUBSTITUTE(SUBSTITUTE(L4,",","")," lb",""))*1 -> 7403 | Y4: =IF(H4="","",SUBSTITUTE(SUBSTITUTE(H4,",","")," mi",""))*1 -> 420
A5: Covered | B5: ALL VAN | C5: LAVERGNE | D5: TN | E5: BLUELINX BELLINGHAM | F5: BELLINGHAM | G5: MA | H5: 1,068 mi | I5: 06-Mar-26 8:00 AM CST | J5: 10-Mar-26 5:00 PM EDT | K5: Dry Van | L5: 51 lb | M5: LTL | N5: ESTES EXPRESS LINES | O5: EXLA | P5: 172.23 | Q5: 373672404 | R5: 05-Mar-26 3:10 PM EST | S5: 108 in x 10 x 4 - curtainside accessories - palletized | T5: 65 | U5: 2 ea | V5: 06-Mar-26 1:15 AM CST | W5: =IF(I5="","",DATE(2000+MID(I5,8,2),MATCH(MID(I5,4,3),{"Jan","Feb","Mar","Apr","May","Jun","Jul","Aug","Sep","Oct","Nov","Dec"},0),1)) -> 46082 | X5: =IF(L5="","",SUBSTITUTE(SUBSTITUTE(L5,",","")," lb",""))*1 -> 51 | Y5: =IF(H5="","",SUBSTITUTE(SUBSTITUTE(H5,",","")," mi",""))*1 -> 1068
A6: Covered | B6: ROYAL MOULDING LTD-BRISTOL T2 | C6: BRISTOL | D6: TN | E6: GUY C LEE B/M KITTY HAWK | F6: KITTY HAWK | G6: NC | H6: 441 mi | I6: 24-Feb-26 12:01 AM EST | J6: 25-Feb-26 11:59 PM EST | K6: Dry Van | L6: 1,709.06 lb | M6: LTL | N6: ESTES EXPRESS LINES | O6: EXLA | P6: 326.67 | Q6: 391422143 | R6: 20-Feb-26 9:11 AM EST | S6: 10ft - 12ft - Moulding units | T6: 65 | U6: 2 ea | V6: 24-Feb-26 1:36 PM EST | W6: =IF(I6="","",DATE(2000+MID(I6,8,2),MATCH(MID(I6,4,3),{"Jan","Feb","Mar","Apr","May","Jun","Jul","Aug","Sep","Oct","Nov","Dec"},0),1)) -> 46054 | X6: =IF(L6="","",SUBSTITUTE(SUBSTITUTE(L6,",","")," lb",""))*1 -> 1709.06 | Y6: =IF(H6="","",SUBSTITUTE(SUBSTITUTE(H6,",","")," mi",""))*1 -> 441
A7: Covered | B7: BLUELINX CHICAGO | C7: UNIVERSITY PARK | D7: IL | E7: BLUELINX FREDERICK | F7: FREDERICK | G7: MD | H7: 634 mi | I7: 21-Jan-26 12:01 AM CST | J7: 22-Jan-26 11:59 PM EST | K7: Dry Van | L7: 493.27 lb | M7: LTL | N7: ESTES EXPRESS LINES | O7: EXLA | P7: 203.68 | Q7: 1080257086 | R7: 16-Jan-26 5:51 PM EST | S7: 10ft decking accessories | T7: 65 | U7: 1 ea | V7: 21-Jan-26 8:45 AM CST | W7: =IF(I7="","",DATE(2000+MID(I7,8,2),MATCH(MID(I7,4,3),{"Jan","Feb","Mar","Apr","May","Jun","Jul","Aug","Sep","Oct","Nov","Dec"},0),1)) -> 46023 | X7: =IF(L7="","",SUBSTITUTE(SUBSTITUTE(L7,",","")," lb",""))*1 -> 493.27 | Y7: =IF(H7="","",SUBSTITUTE(SUBSTITUTE(H7,",","")," mi",""))*1 -> 634
A8: Covered | B8: L&L STRUCTURAL STEEL INC | C8: MIAMI | D8: FL | E8: BLUELINX - JACKSONVILLE | F8: YULEE | G8: FL | H8: 364 mi | I8: 09-Feb-26 12:01 AM EST | J8: 09-Feb-26 11:59 PM EST | K8: Dry Van | L8: 2,801.23 lb | M8: LTL | N8: ESTES EXPRESS LINES | O8: EXLA | P8: 416.98 | R8: 06-Feb-26 5:46 PM EST | S8: 10ft track system - accessories - palletized | T8: 65 | U8: 1 ea | W8: =IF(I8="","",DATE(2000+MID(I8,8,2),MATCH(MID(I8,4,3),{"Jan","Feb","Mar","Apr","May","Jun","Jul","Aug","Sep","Oct","Nov","Dec"},0),1)) -> 46054 | X8: =IF(L8="","",SUBSTITUTE(SUBSTITUTE(L8,",","")," lb",""))*1 -> 2801.23 | Y8: =IF(H8="","",SUBSTITUTE(SUBSTITUTE(H8,",","")," mi",""))*1 -> 364
A9: Covered | B9: ALL VAN | C9: LAVERGNE | D9: TN | E9: BLUELINX - GULFPORT | F9: GULFPORT | G9: MS | H9: 492 mi | I9: 09-Feb-26 8:00 AM CST | J9: 10-Feb-26 5:00 PM CST | K9: Dry Van | L9: 299 lb | M9: LTL | N9: ESTES EXPRESS LINES | O9: EXLA | P9: 206 | Q9: 373565547 | R9: 06-Feb-26 4:25 PM EST | S9: 111 in x52 in x 6 in - curtainside accessories | T9: 65 | U9: 1 ea | V9: 09-Feb-26 2:43 PM CST | W9: =IF(I9="","",DATE(2000+MID(I9,8,2),MATCH(MID(I9,4,3),{"Jan","Feb","Mar","Apr","May","Jun","Jul","Aug","Sep","Oct","Nov","Dec"},0),1)) -> 46054 | X9: =IF(L9="","",SUBSTITUTE(SUBSTITUTE(L9,",","")," lb",""))*1 -> 299 | Y9: =IF(H9="","",SUBSTITUTE(SUBSTITUTE(H9,",","")," mi",""))*1 -> 492
A10: Covered | B10: ALL VAN | C10: LAVERGNE | D10: TN | E10: BLUELINX PORTLAND | F10: PORTLAND | G10: ME | H10: 1,181 mi | I10: 09-Feb-26 8:00 AM CST | J10: 10-Feb-26 5:00 PM EST | K10: Dry Van | L10: 30 lb | M10: LTL | N10: ESTES EXPRESS LINES | O10: EXLA | P10: 169.87 | Q10: 373629515 | R10: 06-Feb-26 4:22 PM EST | S10: 111 in x52 in x 6i n - curtainside accessories | T10: 65 | U10: 1 ea | V10: 09-Feb-26 2:43 PM CST | W10: =IF(I10="","",DATE(2000+MID(I10,8,2),MATCH(MID(I10,4,3),{"Jan","Feb","Mar","Apr","May","Jun","Jul","Aug","Sep","Oct","Nov","Dec"},0),1)) -> 46054 | X10: =IF(L10="","",SUBSTITUTE(SUBSTITUTE(L10,",","")," lb",""))*1 -> 30 | Y10: =IF(H10="","",SUBSTITUTE(SUBSTITUTE(H10,",","")," mi",""))*1 -> 1181
A11: Covered | B11: Allvan USA, LLC | C11: La Vergne | D11: TN | E11: BLUELINX - RICHMOND | F11: RICHMOND | G11: VA | H11: 587 mi | I11: 08-Oct-25 8:00 AM CDT | J11: 10-Oct-25 5:00 PM EDT | K11: Dry Van | L11: 50 lb | M11: LTL | N11: ESTES EXPRESS LINES | O11: EXLA | P11: 171 | Q11: 373559269 | R11: 07-Oct-25 1:24 PM EDT | S11: 112 in long curtain van accessory palletized | T11: 65 | U11: 1 ea | V11: 08-Oct-25 1:56 PM CDT | W11: =IF(I11="","",DATE(2000+MID(I11,8,2),MATCH(MID(I11,4,3),{"Jan","Feb","Mar","Apr","May","Jun","Jul","Aug","Sep","Oct","Nov","Dec"},0),1)) -> 45931 | X11: =IF(L11="","",SUBSTITUTE(SUBSTITUTE(L11,",","")," lb",""))*1 -> 50 | Y11: =IF(H11="","",SUBSTITUTE(SUBSTITUTE(H11,",","")," mi",""))*1 -> 587
A12: Covered | B12: Allvan USA, LLC | C12: La Vergne | D12: TN | E12: BLUELINX OMAHA | F12: OMAHA | G12: NE | H12: 744 mi | I12: 17-Feb-26 8:00 AM CST | J12: 19-Feb-26 5:00 PM CST | K12: Dry Van | L12: 22 lb | M12: LTL | N12: ESTES EXPRESS LINES | O12: EXLA | P12: 189.97 | Q12: 373750553 | R12: 16-Feb-26 4:43 PM EST | S12: 114 in x 8 in x 4in - curtain van accessories | T12: 65 | U12: 1 ea | V12: 18-Feb-26 11:40 AM CST | W12: =IF(I12="","",DATE(2000+MID(I12,8,2),MATCH(MID(I12,4,3),{"Jan","Feb","Mar","Apr","May","Jun","Jul","Aug","Sep","Oct","Nov","Dec"},0),1)) -> 46054 | X12: =IF(L12="","",SUBSTITUTE(SUBSTITUTE(L12,",","")," lb",""))*1 -> 22 | Y12: =IF(H12="","",SUBSTITUTE(SUBSTITUTE(H12,",","")," mi",""))*1 -> 744
A13: Covered | B13: ALL VAN | C13: LAVERGNE | D13: TN | E13: BLUELINX GRAND RAPIDS-BUCHANAN | F13: GRAND RAPIDS | G13: MI | H13: 536 mi | I13: 17-Mar-26 8:00 AM CDT | J13: 19-Mar-26 5:00 PM EDT | K13: Dry Van | L13: 884 lb | M13: LTL | N13: ESTES EXPRESS LINES | O13: EXLA | P13: 288.68 | R13: 16-Mar-26 12:22 PM EDT | S13: 119 in x45 in x 30 in curtain van accessories | T13: 65 | U13: 1 ea | W13: =IF(I13="","",DATE(2000+MID(I13,8,2),MATCH(MID(I13,4,3),{"Jan","Feb","Mar","Apr","May","Jun","Jul","Aug","Sep","Oct","Nov","Dec"},0),1)) -> 46082 | X13: =IF(L13="","",SUBSTITUTE(SUBSTITUTE(L13,",","")," lb",""))*1 -> 884 | Y13: =IF(H13="","",SUBSTITUTE(SUBSTITUTE(H13,",","")," mi",""))*1 -> 536
A14: Covered | B14: TREE ISLAND | C14: SAN BERNARDINO | D14: CA | E14: LOWES #1443 HENDERSON FDC | F14: HENDERSON | G14: CO | H14: 986 mi | I14: 26-Jan-26 12:01 AM PST | J14: 28-Jan-26 11:59 PM MST | K14: Dry Van | L14: 1,596.4 lb | M14: LTL | N14: ESTES EXPRESS LINES | O14: EXLA | P14: 426.67 | Q14: 2340631520 | R14: 16-Jan-26 1:26 PM EST | S14: 122 in x 37 in x 25 in - moulding-framing accessories | T14: 65 | U14: 1 ea | V14: 27-Jan-26 8:50 AM PST | W14: =IF(I14="","",DATE(2000+MID(I14,8,2),MATCH(MID(I14,4,3),{"Jan","Feb","Mar","Apr","May","Jun","Jul","Aug","Sep","Oct","Nov","Dec"},0),1)) -> 46023 | X14: =IF(L14="","",SUBSTITUTE(SUBSTITUTE(L14,",","")," lb",""))*1 -> 1596.4 | Y14: =IF(H14="","",SUBSTITUTE(SUBSTITUTE(H14,",","")," mi",""))*1 -> 986
A15: Covered | B15: ALL VAN | C15: LAVERGNE | D15: TN | E15: BLUELINX INDIANAPOLIS | F15: TIPTON | G15: IN | H15: 341 mi | I15: 03-Nov-25 8:00 AM CST | J15: 04-Nov-25 5:00 PM EST | K15: Dry Van | L15: 146 lb | M15: LTL | N15: ESTES EXPRESS LINES | O15: EXLA | P15: 170.49 | Q15: 373629512 | R15: 03-Nov-25 8:30 AM EST | S15: 123 in x25 n x 9in palletized curtainside van accessories | T15: 65 | U15: 1 ea | V15: 03-Nov-25 11:33 AM CST | W15: =IF(I15="","",DATE(2000+MID(I15,8,2),MATCH(MID(I15,4,3),{"Jan","Feb","Mar","Apr","May","Jun","Jul","Aug","Sep","Oct","Nov","Dec"},0),1)) -> 45962 | X15: =IF(L15="","",SUBSTITUTE(SUBSTITUTE(L15,",","")," lb",""))*1 -> 146 | Y15: =IF(H15="","",SUBSTITUTE(SUBSTITUTE(H15,",","")," mi",""))*1 -> 341
A16: Covered | B16: BLUELINX ELKHART | C16: ELKHART | D16: IN | E16: BLUELINX SEATTLE | F16: KENT | G16: WA | H16: 2,109 mi | I16: 26-Feb-26 12:01 AM EST | J16: 26-Feb-26 11:59 PM PST | K16: Dry Van | L16: 2,771.21 lb | M16: LTL | N16: ESTES EXPRESS LINES | O16: EXLA | P16: 918.68 | R16: 25-Feb-26 11:01 AM EST | S16: 12ft j-channel palletized | T16: 65 | U16: 2 ea | W16: =IF(I16="","",DATE(2000+MID(I16,8,2),MATCH(MID(I16,4,3),{"Jan","Feb","Mar","Apr","May","Jun","Jul","Aug","Sep","Oct","Nov","Dec"},0),1)) -> 46054 | X16: =IF(L16="","",SUBSTITUTE(SUBSTITUTE(L16,",","")," lb",""))*1 -> 2771.21 | Y16: =IF(H16="","",SUBSTITUTE(SUBSTITUTE(H16,",","")," mi",""))*1 -> 2109
A17: Covered | B17: BLUELINX CHARLESTON | C17: CHARLESTON | D17: SC | E17: BLUELINX RICHMOND | F17: RICHMOND | G17: VA | H17: 398 mi | I17: 21-Nov-25 12:01 AM EST | J17: 26-Nov-25 11:59 PM EST | K17: Dry Van | L17: 1,900.8 lb | M17: LTL | N17: ESTES EXPRESS LINES | O17: EXLA | P17: 289.46 | R17: 20-Nov-25 9:51 AM EST | S17: 12ft Trim board | T17: 65 | U17: 1 ea | W17: =IF(I17="","",DATE(2000+MID(I17,8,2),MATCH(MID(I17,4,3),{"Jan","Feb","Mar","Apr","May","Jun","Jul","Aug","Sep","Oct","Nov","Dec"},0),1)) -> 45962 | X17: =IF(L17="","",SUBSTITUTE(SUBSTITUTE(L17,",","")," lb",""))*1 -> 1900.8 | Y17: =IF(H17="","",SUBSTITUTE(SUBSTITUTE(H17,",","")," mi",""))*1 -> 398
A18: Covered | B18: BlueLinx Corporation | C18: BROOKLYN PARK | D18: MN | E18: BLOEDORNS LBM #3081 GILLETTE | F18: Lewistown | G18: MT | H18: 855 mi | I18: 09-Jan-26 12:01 AM CST | J18: 12-Jan-26 11:59 PM MST | K18: Dry Van | L18: 266.65 lb | M18: LTL | N18: ESTES EXPRESS LINES | O18: EXLA | P18: 207.46 | Q18: 1381707083 | R18: 07-Jan-26 5:21 PM EST | S18: 12ft Trim board | T18: 65 | U18: 1 ea | V18: 09-Jan-26 12:29 PM CST | W18: =IF(I18="","",DATE(2000+MID(I18,8,2),MATCH(MID(I18,4,3),{"Jan","Feb","Mar","Apr","May","Jun","Jul","Aug","Sep","Oct","Nov","Dec"},0),1)) -> 46023 | X18: =IF(L18="","",SUBSTITUTE(SUBSTITUTE(L18,",","")," lb",""))*1 -> 266.65 | Y18: =IF(H18="","",SUBSTITUTE(SUBSTITUTE(H18,",","")," mi",""))*1 -> 855
A19: Covered | B19: BlueLinx Corporation | C19: BROOKLYN PARK | D19: MN | E19: LOWES #2533 BISMARCK | F19: BISMARCK | G19: ND | H19: 418 mi | I19: 17-Mar-26 12:01 AM CDT | J19: 23-Mar-26 11:59 PM CDT | K19: Dry Van | L19: 469.25 lb | M19: LTL | N19: ESTES EXPRESS LINES | O19: EXLA | P19: 215.39 | Q19: 1381688655 | R19: 10-Mar-26 9:36 AM EDT | S19: 12ft trim-siding accessories - palletized | T19: 65 | U19: 1 ea | V19: 17-Mar-26 10:48 AM CDT | W19: =IF(I19="","",DATE(2000+MID(I19,8,2),MATCH(MID(I19,4,3),{"Jan","Feb","Mar","Apr","May","Jun","Jul","Aug","Sep","Oct","Nov","Dec"},0),1)) -> 46082 | X19: =IF(L19="","",SUBSTITUTE(SUBSTITUTE(L19,",","")," lb",""))*1 -> 469.25 | Y19: =IF(H19="","",SUBSTITUTE(SUBSTITUTE(H19,",","")," mi",""))*1 -> 418
A20: Covered | B20: BLUELINX CINCINNATI | C20: INDEPENDENCE | D20: KY | E20: BLUELINX FORT WORTH | F20: FT WORTH | G20: TX | H20: 952 mi | I20: 19-Feb-26 12:01 AM EST | J20: 20-Feb-26 11:59 PM CST | K20: Dry Van | L20: 1,344 lb | M20: LTL | N20: ESTES EXPRESS LINES | O20: EXLA | P20: 288.01 | Q20: 622503766 | R20: 18-Feb-26 3:01 PM EST | S20: 24 in ground master posts - palletized | T20: 65 | U20: 2 ea | V20: 19-Feb-26 12:45 PM EST | W20: =IF(I20="","",DATE(2000+MID(I20,8,2),MATCH(MID(I20,4,3),{"Jan","Feb","Mar","Apr","May","Jun","Jul","Aug","Sep","Oct","Nov","Dec"},0),1)) -> 46054 | X20: =IF(L20="","",SUBSTITUTE(SUBSTITUTE(L20,",","")," lb",""))*1 -> 1344 | Y20: =IF(H20="","",SUBSTITUTE(SUBSTITUTE(H20,",","")," mi",""))*1 -> 952
A21: Covered | B21: CEDAR CREEK IND | C21: TIPTON | D21: IN | E21: BLUELINX NASHVILLE | F21: MADISON | G21: TN | H21: 319 mi | I21: 06-Mar-26 12:01 AM EST | J21: 06-Mar-26 11:59 PM CST | K21: Dry Van | L21: 10,393.6 lb | M21: LTL | N21: ESTES EXPRESS LINES | O21: EXLA | P21: 752.86 | Q21: 1180225268 | R21: 05-Mar-26 3:16 PM EST | S21: 2x2x8ft Fir strips - palletized | T21: 65 | U21: 4 ea | V21: 09-Mar-26 2:45 PM EDT | W21: =IF(I21="","",DATE(2000+MID(I21,8,2),MATCH(MID(I21,4,3),{"Jan","Feb","Mar","Apr","May","Jun","Jul","Aug","Sep","Oct","Nov","Dec"},0),1)) -> 46082 | X21: =IF(L21="","",SUBSTITUTE(SUBSTITUTE(L21,",","")," lb",""))*1 -> 10393.6 | Y21: =IF(H21="","",SUBSTITUTE(SUBSTITUTE(H21,",","")," mi",""))*1 -> 319
A22: Covered | B22: KITCHEN KOMPACT INC | C22: JEFFERSONVILLE | D22: IN | E22: PRO DESK LOWES #2301 | F22: CHICAGO | G22: IL | H22: 291 mi | I22: 27-Jan-26 12:01 AM EST | J22: 29-Jan-26 11:59 PM CST | K22: Dry Van | L22: 48 lb | M22: LTL | N22: ESTES EXPRESS LINES | O22: EXLA | P22: 129.26 | Q22: 862212793 | R22: 26-Jan-26 9:21 AM EST | S22: 33 in x 30 in x 12 in - cabinet accessories | T22: 65 | U22: 1 ea | V22: 28-Jan-26 1:44 PM EST | W22: =IF(I22="","",DATE(2000+MID(I22,8,2),MATCH(MID(I22,4,3),{"Jan","Feb","Mar","Apr","May","Jun","Jul","Aug","Sep","Oct","Nov","Dec"},0),1)) -> 46023 | X22: =IF(L22="","",SUBSTITUTE(SUBSTITUTE(L22,",","")," lb",""))*1 -> 48 | Y22: =IF(H22="","",SUBSTITUTE(SUBSTITUTE(H22,",","")," mi",""))*1 -> 291
A23: Covered | B23: ROYAL MOULDING LTD-BRISTOL T2 | C23: BRISTOL | D23: TN | E23: GUY C LEE B/M KITTY HAWK | F23: KITTY HAWK | G23: NC | H23: 441 mi | I23: 22-Jan-26 12:01 AM EST | J23: 27-Jan-26 11:59 PM EST | K23: Dry Van | L23: 2,976 lb | M23: LTL | N23: ESTES EXPRESS LINES | O23: EXLA | P23: 353.71 | R23: 20-Jan-26 5:01 PM EST | S23: 4' x 10 ' PVC sheets - palletized | T23: 65 | U23: 4 ea | W23: =IF(I23="","",DATE(2000+MID(I23,8,2),MATCH(MID(I23,4,3),{"Jan","Feb","Mar","Apr","May","Jun","Jul","Aug","Sep","Oct","Nov","Dec"},0),1)) -> 46023 | X23: =IF(L23="","",SUBSTITUTE(SUBSTITUTE(L23,",","")," lb",""))*1 -> 2976 | Y23: =IF(H23="","",SUBSTITUTE(SUBSTITUTE(H23,",","")," mi",""))*1 -> 441
A24: Covered | B24: BLUELINX CHARLOTTE | C24: CHARLOTTE | D24: NC | E24: BLUELINX SAINT LOUIS | F24: BRIDGETON | G24: MO | H24: 718 mi | I24: 10-Dec-25 12:01 AM EST | J24: 15-Dec-25 11:59 PM CST | K24: Dry Van | L24: 163.9 lb | M24: LTL | N24: ESTES EXPRESS LINES | O24: EXLA | P24: 129.87 | Q24: 107955066 | R24: 09-Dec-25 11:11 AM EST | S24: 42 in x 48 in pallet - Vinyl Shrouds | T24: 65 | U24: 1 ea | V24: 10-Dec-25 4:35 PM EST | W24: =IF(I24="","",DATE(2000+MID(I24,8,2),MATCH(MID(I24,4,3),{"Jan","Feb","Mar","Apr","May","Jun","Jul","Aug","Sep","Oct","Nov","Dec"},0),1)) -> 45992 | X24: =IF(L24="","",SUBSTITUTE(SUBSTITUTE(L24,",","")," lb",""))*1 -> 163.9 | Y24: =IF(H24="","",SUBSTITUTE(SUBSTITUTE(H24,",","")," mi",""))*1 -> 718
A25: Covered | B25: ANTHONY OAK FLOORING | C25: MAGNOLIA | D25: AR | E25: RUSSELL-MOORE LUMBER, INC9758 | F25: MONROE | G25: LA | H25: 118 mi | I25: 26-Mar-26 12:01 AM CDT | J25: 27-Mar-26 11:59 PM CDT | K25: Dry Van | L25: 2,276.82 lb | M25: LTL | N25: ESTES EXPRESS LINES | O25: EXLA | P25: 211.04 | R25: 24-Mar-26 12:31 PM EDT | S25: 42â€ wide x 30â€ tall X 90â€ long Red Oak flooring | T25: 65 | U25: 1 ea | W25: =IF(I25="","",DATE(2000+MID(I25,8,2),MATCH(MID(I25,4,3),{"Jan","Feb","Mar","Apr","May","Jun","Jul","Aug","Sep","Oct","Nov","Dec"},0),1)) -> 46082 | X25: =IF(L25="","",SUBSTITUTE(SUBSTITUTE(L25,",","")," lb",""))*1 -> 2276.82 | Y25: =IF(H25="","",SUBSTITUTE(SUBSTITUTE(H25,",","")," mi",""))*1 -> 118
A26: Covered | B26: KITCHEN KOMPACT INC | C26: JEFFERSONVILLE | D26: IN | E26: PRO DESK HOME DEPOT #2001 | F26: MERRILLVILLE | G26: IN | H26: 255 mi | I26: 23-Feb-26 12:01 AM EST | J26: 24-Feb-26 11:59 PM CST | K26: Dry Van | L26: 68 lb | M26: LTL | N26: ESTES EXPRESS LINES | O26: EXLA | P26: 131.72 | Q26: 862251524 | R26: 19-Feb-26 9:31 AM EST | S26: 44 in W x 44 in L x 30 in H - cabinet - palletized | T26: 65 | U26: 1 ea | V26: 23-Feb-26 12:19 PM EST | W26: =IF(I26="","",DATE(2000+MID(I26,8,2),MATCH(MID(I26,4,3),{"Jan","Feb","Mar","Apr","May","Jun","Jul","Aug","Sep","Oct","Nov","Dec"},0),1)) -> 46054 | X26: =IF(L26="","",SUBSTITUTE(SUBSTITUTE(L26,",","")," lb",""))*1 -> 68 | Y26: =IF(H26="","",SUBSTITUTE(SUBSTITUTE(H26,",","")," mi",""))*1 -> 255
A27: Covered | B27: KITCHEN KOMPACT INC | C27: JEFFERSONVILLE | D27: IN | E27: PRO DESK HOME DEPOT #6923 | F27: SOUTH ELGIN | G27: IL | H27: 329 mi | I27: 17-Mar-26 12:01 AM EDT | J27: 17-Mar-26 11:59 PM CDT | K27: Dry Van | L27: 111 lb | M27: LTL | N27: ESTES EXPRESS LINES | O27: EXLA | P27: 147.1 | Q27: 862312786 | R27: 16-Mar-26 11:46 AM EDT | S27: 44 in x 44 in x 42 in cabinet - accessories | T27: 65 | U27: 1 ea | V27: 17-Mar-26 1:41 PM EDT | W27: =IF(I27="","",DATE(2000+MID(I27,8,2),MATCH(MID(I27,4,3),{"Jan","Feb","Mar","Apr","May","Jun","Jul","Aug","Sep","Oct","Nov","Dec"},0),1)) -> 46082 | X27: =IF(L27="","",SUBSTITUTE(SUBSTITUTE(L27,",","")," lb",""))*1 -> 111 | Y27: =IF(H27="","",SUBSTITUTE(SUBSTITUTE(H27,",","")," mi",""))*1 -> 329
A28: Covered | B28: KITCHEN KOMPACT INC | C28: JEFFERSONVILLE | D28: IN | E28: BLUELINX CHICAGO | F28: UNIVERSITY PARK | G28: IL | H28: 274 mi | I28: 09-Feb-26 12:01 AM EST | J28: 10-Feb-26 11:59 PM CST | K28: Dry Van | L28: 499 lb | M28: LTL | N28: ESTES EXPRESS LINES | O28: EXLA | P28: 189.87 | R28: 14-Jan-26 8:51 AM EST | S28: 44inx44inx83in - cabinets - palletized | T28: 65 | U28: 3 ea | W28: =IF(I28="","",DATE(2000+MID(I28,8,2),MATCH(MID(I28,4,3),{"Jan","Feb","Mar","Apr","May","Jun","Jul","Aug","Sep","Oct","Nov","Dec"},0),1)) -> 46054 | X28: =IF(L28="","",SUBSTITUTE(SUBSTITUTE(L28,",","")," lb",""))*1 -> 499 | Y28: =IF(H28="","",SUBSTITUTE(SUBSTITUTE(H28,",","")," mi",""))*1 -> 274
A29: Covered | B29: KITCHEN KOMPACT INC | C29: JEFFERSONVILLE | D29: IN | E29: PRO DESK HOME DEPOT #2001 | F29: MERRILLVILLE | G29: IN | H29: 255 mi | I29: 09-Feb-26 12:01 AM EST | J29: 10-Feb-26 11:59 PM CST | K29: Dry Van | L29: 825 lb | M29: LTL | N29: ESTES EXPRESS LINES | O29: EXLA | P29: 209.19 | Q29: 862251504 | R29: 06-Feb-26 10:51 AM EST | S29: 44inx44inx83in - cabinets - palletized | T29: 65 | U29: 6 ea | V29: 09-Feb-26 3:45 PM EST | W29: =IF(I29="","",DATE(2000+MID(I29,8,2),MATCH(MID(I29,4,3),{"Jan","Feb","Mar","Apr","May","Jun","Jul","Aug","Sep","Oct","Nov","Dec"},0),1)) -> 46054 | X29: =IF(L29="","",SUBSTITUTE(SUBSTITUTE(L29,",","")," lb",""))*1 -> 825 | Y29: =IF(H29="","",SUBSTITUTE(SUBSTITUTE(H29,",","")," mi",""))*1 -> 255
A30: Covered | B30: BLUELINX- BROKEN ARROW | C30: BROKEN ARROW | D30: OK | E30: GRASSY CREEK, LBM #2196 SPRUCE | F30: SPRUCE PINE | G30: NC | H30: 925 mi | I30: 07-Jan-26 12:01 AM CST | J30: 07-Jan-26 11:59 PM EST | K30: Dry Van | L30: 88 lb | M30: LTL | N30: ESTES EXPRESS LINES | O30: EXLA | P30: 168.02 | Q30: 1950765757 | R30: 06-Jan-26 12:11 PM EST | S30: 48 in liners | T30: 65 | U30: 1 ea | V30: 07-Jan-26 1:04 PM CST | W30: =IF(I30="","",DATE(2000+MID(I30,8,2),MATCH(MID(I30,4,3),{"Jan","Feb","Mar","Apr","May","Jun","Jul","Aug","Sep","Oct","Nov","Dec"},0),1)) -> 46023 | X30: =IF(L30="","",SUBSTITUTE(SUBSTITUTE(L30,",","")," lb",""))*1 -> 88 | Y30: =IF(H30="","",SUBSTITUTE(SUBSTITUTE(H30,",","")," mi",""))*1 -> 925
A31: Covered | B31: Kronospan | C31: SHIPPENVILLE | D31: PA | E31: FUNDER AMERICA, INC. 50100 | F31: MOCKSVILLE | G31: NC | H31: 502 mi | I31: 24-Oct-25 12:01 AM EDT | J31: 24-Oct-25 11:59 PM EDT | K31: Dry Van | L31: 2,600 lb | M31: LTL | N31: ESTES EXPRESS LINES | O31: EXLA | P31: 338.92 | Q31: 553084931 | R31: 23-Oct-25 1:16 PM EDT | S31: 48 in x 96 in board | T31: 65 | U31: 1 ea | V31: 24-Oct-25 12:33 PM EDT | W31: =IF(I31="","",DATE(2000+MID(I31,8,2),MATCH(MID(I31,4,3),{"Jan","Feb","Mar","Apr","May","Jun","Jul","Aug","Sep","Oct","Nov","Dec"},0),1)) -> 45931 | X31: =IF(L31="","",SUBSTITUTE(SUBSTITUTE(L31,",","")," lb",""))*1 -> 2600 | Y31: =IF(H31="","",SUBSTITUTE(SUBSTITUTE(H31,",","")," mi",""))*1 -> 502
A32: Covered | B32: BlueLinx Corporation | C32: Elkhart | D32: IN | E32: SATELLITE SHELTERS INC | F32: HAMILTON | G32: OH | H32: 196 mi | I32: 02-Mar-26 12:01 AM EST | J32: 02-Mar-26 11:59 PM EST | K32: Dry Van | L32: 1,050 lb | M32: LTL | N32: ESTES EXPRESS LINES | O32: EXLA | P32: 183.52 | Q32: 1271509442 | R32: 27-Feb-26 1:56 PM EST | S32: 48 in x 96 in board | T32: 65 | U32: 1 ea | V32: 02-Mar-26 12:31 PM EST | W32: =IF(I32="","",DATE(2000+MID(I32,8,2),MATCH(MID(I32,4,3),{"Jan","Feb","Mar","Apr","May","Jun","Jul","Aug","Sep","Oct","Nov","Dec"},0),1)) -> 46082 | X32: =IF(L32="","",SUBSTITUTE(SUBSTITUTE(L32,",","")," lb",""))*1 -> 1050 | Y32: =IF(H32="","",SUBSTITUTE(SUBSTITUTE(H32,",","")," mi",""))*1 -> 196
A33: Covered | B33: BLUELINX - FORT WORTH | C33: FORT WORTH | D33: TX | E33: YODERS BLDG SPLY, LMC #211300 | F33: FAIR PLAY | G33: SC | H33: 914 mi | I33: 20-Jan-26 8:00 AM CST | J33: 21-Jan-26 5:00 PM EST | K33: Dry Van | L33: 5,100 lb | M33: LTL | N33: Southeastern Freight | O33: SEFL | P33: 659.75 | Q33: 464092850 | R33: 19-Jan-26 9:01 AM EST | S33: 48 in x 96 in board and 4x4 pallet tape and accessories | T33: 65 | U33: 2 ea | V33: 20-Jan-26 8:00 AM CST | W33: =IF(I33="","",DATE(2000+MID(I33,8,2),MATCH(MID(I33,4,3),{"Jan","Feb","Mar","Apr","May","Jun","Jul","Aug","Sep","Oct","Nov","Dec"},0),1)) -> 46023 | X33: =IF(L33="","",SUBSTITUTE(SUBSTITUTE(L33,",","")," lb",""))*1 -> 5100 | Y33: =IF(H33="","",SUBSTITUTE(SUBSTITUTE(H33,",","")," mi",""))*1 -> 914
A34: Covered | B34: CELLOFOAM NA | C34: WINCHESTER | D34: VA | E34: VICTORY TRAILERS - ROCKY MOUNT | F34: ROCK MOUNT | G34: VA | H34: 199 mi | I34: 29-Jan-26 12:01 AM EST | J34: 30-Jan-26 11:59 PM EST | K34: Dry Van | L34: 234.96 lb | M34: LTL | N34: ESTES EXPRESS LINES | O34: EXLA | P34: 223.57 | Q34: 51812853 | R34: 28-Jan-26 10:51 AM EST | S34: 48 in x 96 in board w/insulation | T34: 250 | U34: 4 ea | V34: 29-Jan-26 3:40 PM EST | W34: =IF(I34="","",DATE(2000+MID(I34,8,2),MATCH(MID(I34,4,3),{"Jan","Feb","Mar","Apr","May","Jun","Jul","Aug","Sep","Oct","Nov","Dec"},0),1)) -> 46023 | X34: =IF(L34="","",SUBSTITUTE(SUBSTITUTE(L34,",","")," lb",""))*1 -> 234.96 | Y34: =IF(H34="","",SUBSTITUTE(SUBSTITUTE(H34,",","")," mi",""))*1 -> 199
A35: Covered | B35: BLUELINX - LAWRENCEVILLE | C35: LAWRENCEVILLE | D35: GA | E35: Mike Fischer - warehouse | F35: Mooresville | G35: NC | H35: 237 mi | I35: 14-Nov-25 8:00 AM EST | J35: 17-Nov-25 5:00 PM EST | K35: Dry Van | L35: 400 lb | M35: LTL | N35: Southeastern Freight | O35: SEFL | P35: 206.4 | R35: 13-Nov-25 9:55 AM EST | S35: 48 in x 96 in Plywood - palletized | T35: 65 | U35: 1 ea | W35: =IF(I35="","",DATE(2000+MID(I35,8,2),MATCH(MID(I35,4,3),{"Jan","Feb","Mar","Apr","May","Jun","Jul","Aug","Sep","Oct","Nov","Dec"},0),1)) -> 45962 | X35: =IF(L35="","",SUBSTITUTE(SUBSTITUTE(L35,",","")," lb",""))*1 -> 400 | Y35: =IF(H35="","",SUBSTITUTE(SUBSTITUTE(H35,",","")," mi",""))*1 -> 237
A36: Covered | B36: CELLOFOAM NA | C36: WINCHESTER | D36: VA | E36: VICTORY TRAILERS - ROCKY MOUNT | F36: ROCK MOUNT | G36: VA | H36: 199 mi | I36: 02-Dec-25 12:01 AM EST | J36: 04-Dec-25 11:59 PM EST | K36: Dry Van | L36: 234.96 lb | M36: LTL | N36: ESTES EXPRESS LINES | O36: EXLA | P36: 207.8 | Q36: 51811439 | R36: 01-Dec-25 1:01 PM EST | S36: 48x units insulation | T36: 250 | U36: 4 ea | V36: 03-Dec-25 2:40 PM EST | W36: =IF(I36="","",DATE(2000+MID(I36,8,2),MATCH(MID(I36,4,3),{"Jan","Feb","Mar","Apr","May","Jun","Jul","Aug","Sep","Oct","Nov","Dec"},0),1)) -> 45992 | X36: =IF(L36="","",SUBSTITUTE(SUBSTITUTE(L36,",","")," lb",""))*1 -> 234.96 | Y36: =IF(H36="","",SUBSTITUTE(SUBSTITUTE(H36,",","")," mi",""))*1 -> 199
A37: Covered | B37: BLUELINX RALEIGH | C37: BUTNER | D37: NC | E37: BLUELINX CHARLESTON | F37: CHARLESTON | G37: SC | H37: 291 mi | I37: 11-Mar-26 12:01 AM EDT | J37: 11-Mar-26 11:59 PM EDT | K37: Dry Van | L37: 3,118.71 lb | M37: LTL | N37: ESTES EXPRESS LINES | O37: EXLA | P37: 352.12 | Q37: 112810844 | R37: 10-Mar-26 5:06 PM EDT | S37: 49 in x 97 in board | T37: 65 | U37: 1 ea | V37: 11-Mar-26 4:00 PM EDT | W37: =IF(I37="","",DATE(2000+MID(I37,8,2),MATCH(MID(I37,4,3),{"Jan","Feb","Mar","Apr","May","Jun","Jul","Aug","Sep","Oct","Nov","Dec"},0),1)) -> 46082 | X37: =IF(L37="","",SUBSTITUTE(SUBSTITUTE(L37,",","")," lb",""))*1 -> 3118.71 | Y37: =IF(H37="","",SUBSTITUTE(SUBSTITUTE(H37,",","")," mi",""))*1 -> 291
A38: Covered | B38: BLUELINX EL PASO | C38: EL PASO | D38: TX | E38: LOWES #1429 BEAUMONT CA FDC | F38: BEAUMONT | G38: CA | H38: 695 mi | I38: 03-Mar-26 12:01 AM MST | J38: 05-Mar-26 11:59 PM PST | K38: Dry Van | L38: 3,408.34 lb | M38: LTL | N38: ESTES EXPRESS LINES | O38: EXLA | P38: 869.64 | Q38: 2301151821 | R38: 02-Mar-26 1:36 PM EST | S38: 4ft and 10ft units - home framing accessories | T38: 65 | U38: 5 ea | V38: 03-Mar-26 12:27 PM MST | W38: =IF(I38="","",DATE(2000+MID(I38,8,2),MATCH(MID(I38,4,3),{"Jan","Feb","Mar","Apr","May","Jun","Jul","Aug","Sep","Oct","Nov","Dec"},0),1)) -> 46082 | X38: =IF(L38="","",SUBSTITUTE(SUBSTITUTE(L38,",","")," lb",""))*1 -> 3408.34 | Y38: =IF(H38="","",SUBSTITUTE(SUBSTITUTE(H38,",","")," mi",""))*1 -> 695
A39: Covered | B39: CEDAR CREEK KSC | C39: KANSAS CITY | D39: MO | E39: BLUELINX MEM | F39: MEMPHIS | G39: TN | H39: 469 mi | I39: 04-Mar-26 12:01 AM CST | J39: 06-Mar-26 11:59 PM CST | K39: Dry Van | L39: 1,464 lb | M39: LTL | N39: ESTES EXPRESS LINES | O39: EXLA | P39: 354.58 | R39: 03-Mar-26 8:51 AM EST | S39: 4ft Greenbar - Fiberbar- palletized | T39: 65 | U39: 1 ea | W39: =IF(I39="","",DATE(2000+MID(I39,8,2),MATCH(MID(I39,4,3),{"Jan","Feb","Mar","Apr","May","Jun","Jul","Aug","Sep","Oct","Nov","Dec"},0),1)) -> 46082 | X39: =IF(L39="","",SUBSTITUTE(SUBSTITUTE(L39,",","")," lb",""))*1 -> 1464 | Y39: =IF(H39="","",SUBSTITUTE(SUBSTITUTE(H39,",","")," mi",""))*1 -> 469
A40: Covered | B40: BlueLinx Corporation | C40: Elkhart | D40: IN | E40: CHAMPION HOME BLDRS-WEISER | F40: WEISER | G40: ID | H40: 1,841 mi | I40: 24-Feb-26 12:01 AM EST | J40: 24-Feb-26 11:59 PM MST | K40: Dry Van | L40: 4,725 lb | M40: LTL | N40: ESTES EXPRESS LINES | O40: EXLA | P40: 1344.6 | Q40: 1271509380 | R40: 23-Feb-26 9:01 AM EST | S40: 4ft x 4ft x 92in - Door jambs and accessories | T40: 125 | U40: 7 ea | V40: 24-Feb-26 12:55 PM EST | W40: =IF(I40="","",DATE(2000+MID(I40,8,2),MATCH(MID(I40,4,3),{"Jan","Feb","Mar","Apr","May","Jun","Jul","Aug","Sep","Oct","Nov","Dec"},0),1)) -> 46054 | X40: =IF(L40="","",SUBSTITUTE(SUBSTITUTE(L40,",","")," lb",""))*1 -> 4725 | Y40: =IF(H40="","",SUBSTITUTE(SUBSTITUTE(H40,",","")," mi",""))*1 -> 1841
A41: Covered | B41: BlueLinx Corporation | C41: Elkhart | D41: IN | E41: SCHULT HOMES #954 | F41: REDWOOD FALLS | G41: MN | H41: 603 mi | I41: 03-Mar-26 12:01 AM EST | J41: 03-Mar-26 11:59 PM CST | K41: Dry Van | L41: 2,665 lb | M41: LTL | N41: ESTES EXPRESS LINES | O41: EXLA | P41: 707.38 | Q41: 1271596641 | R41: 02-Mar-26 3:16 PM EST | S41: 4ft x 4ft x 92in - Door jambs and accessories | T41: 125 | U41: 4 ea | V41: 03-Mar-26 12:25 PM EST | W41: =IF(I41="","",DATE(2000+MID(I41,8,2),MATCH(MID(I41,4,3),{"Jan","Feb","Mar","Apr","May","Jun","Jul","Aug","Sep","Oct","Nov","Dec"},0),1)) -> 46082 | X41: =IF(L41="","",SUBSTITUTE(SUBSTITUTE(L41,",","")," lb",""))*1 -> 2665 | Y41: =IF(H41="","",SUBSTITUTE(SUBSTITUTE(H41,",","")," mi",""))*1 -> 603
A42: Covered | B42: BlueLinx Corporation | C42: Elkhart | D42: IN | E42: CHAMPION HOME BLDRS - MCMINNVI | F42: MCMINNVILLE | G42: OR | H42: 2,211 mi | I42: 04-Mar-26 12:01 AM EST | J42: 04-Mar-26 11:59 PM PST | K42: Dry Van | L42: 2,415 lb | M42: LTL | N42: ESTES EXPRESS LINES | O42: EXLA | P42: 711.16 | Q42: 1271595752 | R42: 03-Mar-26 11:56 AM EST | S42: 4ft x 4ft x 92in - Door jambs and accessories | T42: 125 | U42: 3 ea | V42: 04-Mar-26 11:50 AM EST | W42: =IF(I42="","",DATE(2000+MID(I42,8,2),MATCH(MID(I42,4,3),{"Jan","Feb","Mar","Apr","May","Jun","Jul","Aug","Sep","Oct","Nov","Dec"},0),1)) -> 46082 | X42: =IF(L42="","",SUBSTITUTE(SUBSTITUTE(L42,",","")," lb",""))*1 -> 2415 | Y42: =IF(H42="","",SUBSTITUTE(SUBSTITUTE(H42,",","")," mi",""))*1 -> 2211
A43: Covered | B43: BlueLinx Corporation | C43: Elkhart | D43: IN | E43: CHAMPION HOME BLDRS-CLAYSBURG | F43: CLAYSBURG | G43: PA | H43: 445 mi | I43: 06-Mar-26 12:01 AM EST | J43: 10-Mar-26 11:59 PM EDT | K43: Dry Van | L43: 1,425 lb | M43: LTL | N43: ESTES EXPRESS LINES | O43: EXLA | P43: 376.47 | Q43: 1271599660 | R43: 05-Mar-26 8:51 AM EST | S43: 4ft x 4ft x 92in - Door jambs and accessories | T43: 125 | U43: 2 ea | V43: 06-Mar-26 12:47 PM EST | W43: =IF(I43="","",DATE(2000+MID(I43,8,2),MATCH(MID(I43,4,3),{"Jan","Feb","Mar","Apr","May","Jun","Jul","Aug","Sep","Oct","Nov","Dec"},0),1)) -> 46082 | X43: =IF(L43="","",SUBSTITUTE(SUBSTITUTE(L43,",","")," lb",""))*1 -> 1425 | Y43: =IF(H43="","",SUBSTITUTE(SUBSTITUTE(H43,",","")," mi",""))*1 -> 445
A44: Covered | B44: BlueLinx Corporation | C44: Elkhart | D44: IN | E44: CAVCO EMLENTON | F44: EMLENTON | G44: PA | H44: 344 mi | I44: 27-Feb-26 12:01 AM EST | J44: 27-Feb-26 11:59 PM EST | K44: Dry Van | L44: 345 lb | M44: LTL | N44: ESTES EXPRESS LINES | O44: EXLA | P44: 151.72 | Q44: 1271595811 | R44: 26-Feb-26 1:21 PM EST | S44: 4ft x 4ft x 92in -door jams and accessories - palletized | T44: 125 | U44: 1 ea | V44: 27-Feb-26 11:34 AM EST | W44: =IF(I44="","",DATE(2000+MID(I44,8,2),MATCH(MID(I44,4,3),{"Jan","Feb","Mar","Apr","May","Jun","Jul","Aug","Sep","Oct","Nov","Dec"},0),1)) -> 46054 | X44: =IF(L44="","",SUBSTITUTE(SUBSTITUTE(L44,",","")," lb",""))*1 -> 345 | Y44: =IF(H44="","",SUBSTITUTE(SUBSTITUTE(H44,",","")," mi",""))*1 -> 344
A45: Covered | B45: BlueLinx Corporation | C45: Elkhart | D45: IN | E45: SCHULT HOMES #954 | F45: REDWOOD FALLS | G45: MN | H45: 603 mi | I45: 23-Feb-26 12:01 AM EST | J45: 23-Feb-26 11:59 PM CST | K45: Dry Van | L45: 2,695 lb | M45: LTL | N45: ESTES EXPRESS LINES | O45: EXLA | P45: 728.62 | Q45: 1271509428 | R45: 23-Feb-26 7:31 AM EST | S45: 4ft x 4ft x 96 in - 4ft x 8ft - pallets - door accessroies | T45: 125 | U45: 4 ea | V45: 23-Feb-26 12:08 PM EST | W45: =IF(I45="","",DATE(2000+MID(I45,8,2),MATCH(MID(I45,4,3),{"Jan","Feb","Mar","Apr","May","Jun","Jul","Aug","Sep","Oct","Nov","Dec"},0),1)) -> 46054 | X45: =IF(L45="","",SUBSTITUTE(SUBSTITUTE(L45,",","")," lb",""))*1 -> 2695 | Y45: =IF(H45="","",SUBSTITUTE(SUBSTITUTE(H45,",","")," mi",""))*1 -> 603
A46: Covered | B46: BlueLinx Corporation | C46: Elkhart | D46: IN | E46: CHAMPION HOME - WOODLAND #237 | F46: WOODLAND | G46: CA | H46: 2,146 mi | I46: 26-Feb-26 12:01 AM EST | J46: 26-Feb-26 11:59 PM PST | K46: Dry Van | L46: 2,415 lb | M46: LTL | N46: ESTES EXPRESS LINES | O46: EXLA | P46: 790.75 | Q46: 1271548648 | R46: 25-Feb-26 8:26 AM EST | S46: 4ftx4ftx 92in - Door jambs - palletized | T46: 125 | U46: 3 ea | V46: 26-Feb-26 12:50 PM EST | W46: =IF(I46="","",DATE(2000+MID(I46,8,2),MATCH(MID(I46,4,3),{"Jan","Feb","Mar","Apr","May","Jun","Jul","Aug","Sep","Oct","Nov","Dec"},0),1)) -> 46054 | X46: =IF(L46="","",SUBSTITUTE(SUBSTITUTE(L46,",","")," lb",""))*1 -> 2415 | Y46: =IF(H46="","",SUBSTITUTE(SUBSTITUTE(H46,",","")," mi",""))*1 -> 2146
A47: Covered | B47: BlueLinx Corporation | C47: Elkhart | D47: IN | E47: CHAMPION HOME BLDRS - MCMINNVI | F47: MCMINNVILLE | G47: OR | H47: 2,211 mi | I47: 25-Feb-26 12:01 AM EST | J47: 25-Feb-26 11:59 PM PST | K47: Dry Van | L47: 1,610 lb | M47: LTL | N47: ESTES EXPRESS LINES | O47: EXLA | P47: 642.57 | Q47: 1271596467 | R47: 24-Feb-26 8:41 AM EST | S47: 4ftx4ftx92in - door accessories- palletized | T47: 125 | U47: 2 ea | V47: 25-Feb-26 12:03 PM EST | W47: =IF(I47="","",DATE(2000+MID(I47,8,2),MATCH(MID(I47,4,3),{"Jan","Feb","Mar","Apr","May","Jun","Jul","Aug","Sep","Oct","Nov","Dec"},0),1)) -> 46054 | X47: =IF(L47="","",SUBSTITUTE(SUBSTITUTE(L47,",","")," lb",""))*1 -> 1610 | Y47: =IF(H47="","",SUBSTITUTE(SUBSTITUTE(H47,",","")," mi",""))*1 -> 2211
A48: Covered | B48: BlueLinx Corporation | C48: Elkhart | D48: IN | E48: SKYLINE - SUGARCRK - BI/MH | F48: SUGARCREEK | G48: OH | H48: 269 mi | I48: 23-Feb-26 12:01 AM EST | J48: 23-Feb-26 11:59 PM EST | K48: Dry Van | L48: 2,415 lb | M48: LTL | N48: ESTES EXPRESS LINES | O48: EXLA | P48: 247.75 | Q48: 1271509427 | R48: 20-Feb-26 5:11 PM EST | S48: 4ftx4ftx92in - 4ftx8ftx 92 in - door jamb - palletized | T48: 125 | U48: 3 ea | V48: 23-Feb-26 12:08 PM EST | W48: =IF(I48="","",DATE(2000+MID(I48,8,2),MATCH(MID(I48,4,3),{"Jan","Feb","Mar","Apr","May","Jun","Jul","Aug","Sep","Oct","Nov","Dec"},0),1)) -> 46054 | X48: =IF(L48="","",SUBSTITUTE(SUBSTITUTE(L48,",","")," lb",""))*1 -> 2415 | Y48: =IF(H48="","",SUBSTITUTE(SUBSTITUTE(H48,",","")," mi",""))*1 -> 269
A49: Covered | B49: BlueLinx Corporation | C49: Elkhart | D49: IN | E49: CHAMPION HOME BLDRS-SAN JACINT | F49: SAN JACINTO | G49: CA | H49: 2,098 mi | I49: 26-Feb-26 12:01 AM EST | J49: 26-Feb-26 11:59 PM PST | K49: Dry Van | L49: 4,025 lb | M49: LTL | N49: ESTES EXPRESS LINES | O49: EXLA | P49: 1092.23 | Q49: 1271548646 | R49: 25-Feb-26 8:41 AM EST | S49: 4ftx4ftx92in - door jamb and accessories - palletized | T49: 125 | U49: 5 ea | V49: 26-Feb-26 12:50 PM EST | W49: =IF(I49="","",DATE(2000+MID(I49,8,2),MATCH(MID(I49,4,3),{"Jan","Feb","Mar","Apr","May","Jun","Jul","Aug","Sep","Oct","Nov","Dec"},0),1)) -> 46054 | X49: =IF(L49="","",SUBSTITUTE(SUBSTITUTE(L49,",","")," lb",""))*1 -> 4025 | Y49: =IF(H49="","",SUBSTITUTE(SUBSTITUTE(H49,",","")," mi",""))*1 -> 2098
A50: Covered | B50: BlueLinx Corporation | C50: Elkhart | D50: IN | E50: CHAMPION HOME BLDRS-CLAYSBURG | F50: CLAYSBURG | G50: PA | H50: 445 mi | I50: 27-Feb-26 12:01 AM EST | J50: 03-Mar-26 11:59 PM EST | K50: Dry Van | L50: 1,460 lb | M50: LTL | N50: ESTES EXPRESS LINES | O50: EXLA | P50: 363.33 | Q50: 1271595812 | R50: 26-Feb-26 10:11 AM EST | S50: 4ftx4ftx92in - door jambs and accessories - palletized | T50: 125 | U50: 1 ea | V50: 27-Feb-26 11:35 AM EST | W50: =IF(I50="","",DATE(2000+MID(I50,8,2),MATCH(MID(I50,4,3),{"Jan","Feb","Mar","Apr","May","Jun","Jul","Aug","Sep","Oct","Nov","Dec"},0),1)) -> 46054 | X50: =IF(L50="","",SUBSTITUTE(SUBSTITUTE(L50,",","")," lb",""))*1 -> 1460 | Y50: =IF(H50="","",SUBSTITUTE(SUBSTITUTE(H50,",","")," mi",""))*1 -> 445
A51: Covered | B51: ROYAL MOULDING LTD-BRISTOL T2 | C51: BRISTOL | D51: TN | E51: GUY C LEE B/M KITTY HAWK | F51: KITTY HAWK | G51: NC | H51: 441 mi | I51: 24-Mar-26 12:01 AM EDT | J51: 26-Mar-26 11:59 PM EDT | K51: Dry Van | L51: 2,976 lb | M51: LTL | N51: ESTES EXPRESS LINES | O51: EXLA | P51: 371.3 | R51: 12-Mar-26 12:26 PM EDT | S51: 4x10 PVS sheets - palletized | T51: 65 | U51: 4 ea | W51: =IF(I51="","",DATE(2000+MID(I51,8,2),MATCH(MID(I51,4,3),{"Jan","Feb","Mar","Apr","May","Jun","Jul","Aug","Sep","Oct","Nov","Dec"},0),1)) -> 46082 | X51: =IF(L51="","",SUBSTITUTE(SUBSTITUTE(L51,",","")," lb",""))*1 -> 2976 | Y51: =IF(H51="","",SUBSTITUTE(SUBSTITUTE(H51,",","")," mi",""))*1 -> 441
A52: Covered | B52: BlueLinx Corporation | C52: Elkhart | D52: IN | E52: CHAMPION HOME BLDRS-STRATTANVI | F52: STRATTANVILLE | G52: PA | H52: 367 mi | I52: 14-Nov-25 12:01 AM EST | J52: 17-Nov-25 11:59 PM EST | K52: Dry Van | L52: 2,880.01 lb | M52: LTL | N52: ESTES EXPRESS LINES | O52: EXLA | P52: 583.61 | Q52: 1271546502 | R52: 14-Nov-25 10:21 AM EST | S52: 4x4 doors - accessories | T52: 65 | U52: 7 ea | V52: 17-Nov-25 1:52 PM EST | W52: =IF(I52="","",DATE(2000+MID(I52,8,2),MATCH(MID(I52,4,3),{"Jan","Feb","Mar","Apr","May","Jun","Jul","Aug","Sep","Oct","Nov","Dec"},0),1)) -> 45962 | X52: =IF(L52="","",SUBSTITUTE(SUBSTITUTE(L52,",","")," lb",""))*1 -> 2880.01 | Y52: =IF(H52="","",SUBSTITUTE(SUBSTITUTE(H52,",","")," mi",""))*1 -> 367
A53: Covered | B53: BLUELINX FORT WORTH | C53: FT WORTH | D53: TX | E53: BLUELINX SAN ANTONIO | F53: SAN ANTONIO | G53: TX | H53: 268 mi | I53: 25-Mar-26 12:01 AM CDT | J53: 26-Mar-26 11:59 PM CDT | K53: Dry Van | L53: 554.4 lb | M53: LTL | N53: ESTES EXPRESS LINES | O53: EXLA | P53: 150.8 | R53: 24-Mar-26 9:31 AM EDT | S53: 4x4 doors - tape | T53: 65 | U53: 1 ea | W53: =IF(I53="","",DATE(2000+MID(I53,8,2),MATCH(MID(I53,4,3),{"Jan","Feb","Mar","Apr","May","Jun","Jul","Aug","Sep","Oct","Nov","Dec"},0),1)) -> 46082 | X53: =IF(L53="","",SUBSTITUTE(SUBSTITUTE(L53,",","")," lb",""))*1 -> 554.4 | Y53: =IF(H53="","",SUBSTITUTE(SUBSTITUTE(H53,",","")," mi",""))*1 -> 268
A54: Covered | B54: BlueLinx Corporation | C54: Elkhart | D54: IN | E54: SCHULT HOMES #954 | F54: REDWOOD FALLS | G54: MN | H54: 603 mi | I54: 17-Nov-25 12:01 AM EST | J54: 17-Nov-25 11:59 PM CST | K54: Dry Van | L54: 4,457.03 lb | M54: LTL | N54: ESTES EXPRESS LINES | O54: EXLA | P54: 991.77 | Q54: 1271546503 | R54: 14-Nov-25 10:21 AM EST | S54: 4x4 skids door accessories | T54: 65 | U54: 8 ea | V54: 17-Nov-25 12:45 PM EST | W54: =IF(I54="","",DATE(2000+MID(I54,8,2),MATCH(MID(I54,4,3),{"Jan","Feb","Mar","Apr","May","Jun","Jul","Aug","Sep","Oct","Nov","Dec"},0),1)) -> 45962 | X54: =IF(L54="","",SUBSTITUTE(SUBSTITUTE(L54,",","")," lb",""))*1 -> 4457.03 | Y54: =IF(H54="","",SUBSTITUTE(SUBSTITUTE(H54,",","")," mi",""))*1 -> 603
A55: Covered | B55: BLUELINX FREDERICK | C55: FREDERICK | D55: MD | E55: BLUELINX ATLANTA | F55: LAWRENCEVILLE | G55: GA | H55: 621 mi | I55: 14-Jan-26 12:01 AM EST | J55: 20-Jan-26 11:59 PM EST | K55: Dry Van | L55: 2,000 lb | M55: LTL | N55: ESTES EXPRESS LINES | O55: EXLA | P55: 409.67 | Q55: 1510196676 | R55: 12-Jan-26 2:31 PM EST | S55: 4x8 Beaded Celing | T55: 65 | U55: 1 ea | V55: 15-Jan-26 6:07 PM EST | W55: =IF(I55="","",DATE(2000+MID(I55,8,2),MATCH(MID(I55,4,3),{"Jan","Feb","Mar","Apr","May","Jun","Jul","Aug","Sep","Oct","Nov","Dec"},0),1)) -> 46023 | X55: =IF(L55="","",SUBSTITUTE(SUBSTITUTE(L55,",","")," lb",""))*1 -> 2000 | Y55: =IF(H55="","",SUBSTITUTE(SUBSTITUTE(H55,",","")," mi",""))*1 -> 621
A56: Covered | B56: FUNDER AMERICA, INC. 50100 | C56: MOCKSVILLE | D56: NC | E56: BLUELINX ELKHART | F56: ELKHART | G56: IN | H56: 608 mi | I56: 05-Jan-26 8:00 AM EST | J56: 06-Jan-26 5:00 PM EST | K56: Dry Van | L56: 2,500 lb | M56: LTL | N56: ESTES EXPRESS LINES | O56: EXLA | P56: 383.67 | R56: 16-Dec-25 5:06 PM EST | S56: 4x8 MDF - palletized | T56: 65 | U56: 1 ea | W56: =IF(I56="","",DATE(2000+MID(I56,8,2),MATCH(MID(I56,4,3),{"Jan","Feb","Mar","Apr","May","Jun","Jul","Aug","Sep","Oct","Nov","Dec"},0),1)) -> 46023 | X56: =IF(L56="","",SUBSTITUTE(SUBSTITUTE(L56,",","")," lb",""))*1 -> 2500 | Y56: =IF(H56="","",SUBSTITUTE(SUBSTITUTE(H56,",","")," mi",""))*1 -> 608
A57: Covered | B57: BlueLinx Corporation | C57: Elkhart | D57: IN | E57: SKYLINE - SUGARCRK - BI/MH | F57: SUGARCREEK | G57: OH | H57: 269 mi | I57: 17-Nov-25 12:01 AM EST | J57: 17-Nov-25 11:59 PM EST | K57: Dry Van | L57: 4,765 lb | M57: LTL | N57: ESTES EXPRESS LINES | O57: EXLA | P57: 531.92 | Q57: 1271563393 | R57: 14-Nov-25 10:21 AM EST | S57: 4x8 skids doors and accessories | T57: 65 | U57: 8 ea | V57: 17-Nov-25 1:50 PM EST | W57: =IF(I57="","",DATE(2000+MID(I57,8,2),MATCH(MID(I57,4,3),{"Jan","Feb","Mar","Apr","May","Jun","Jul","Aug","Sep","Oct","Nov","Dec"},0),1)) -> 45962 | X57: =IF(L57="","",SUBSTITUTE(SUBSTITUTE(L57,",","")," lb",""))*1 -> 4765 | Y57: =IF(H57="","",SUBSTITUTE(SUBSTITUTE(H57,",","")," mi",""))*1 -> 269
A58: Covered | B58: Leviat â€“ San Antonio | C58: SAN ANTONIO | D58: TX | E58: BLUELINX FORT WORTH | F58: FT WORTH | G58: TX | H58: 268 mi | I58: 19-Feb-26 12:01 AM CST | J58: 19-Feb-26 11:59 PM CST | K58: Dry Van | L58: 400 lb | M58: LTL | N58: ESTES EXPRESS LINES | O58: EXLA | P58: 130.49 | Q58: 1660570688 | R58: 18-Feb-26 8:16 AM EST | S58: 5 IN X 5 IN PLASTIC PLATES BOXED - PALLETIZED | T58: 65 | U58: 1 ea | V58: 19-Feb-26 12:44 PM CST | W58: =IF(I58="","",DATE(2000+MID(I58,8,2),MATCH(MID(I58,4,3),{"Jan","Feb","Mar","Apr","May","Jun","Jul","Aug","Sep","Oct","Nov","Dec"},0),1)) -> 46054 | X58: =IF(L58="","",SUBSTITUTE(SUBSTITUTE(L58,",","")," lb",""))*1 -> 400 | Y58: =IF(H58="","",SUBSTITUTE(SUBSTITUTE(H58,",","")," mi",""))*1 -> 268
A59: Covered | B59: BLUELINX CHICAGO | C59: UNIVERSITY PARK | D59: IL | E59: BLUELINX FREDERICK | F59: FREDERICK | G59: MD | H59: 634 mi | I59: 09-Feb-26 12:01 AM CST | J59: 10-Feb-26 11:59 PM EST | K59: Dry Van | L59: 3,092.27 lb | M59: LTL | N59: ESTES EXPRESS LINES | O59: EXLA | P59: 711.16 | Q59: 1080246109 | R59: 06-Feb-26 10:11 AM EST | S59: 6ft-8ft pallets - railing and accessories | T59: 65 | U59: 10 ea | V59: 09-Feb-26 1:41 PM CST | W59: =IF(I59="","",DATE(2000+MID(I59,8,2),MATCH(MID(I59,4,3),{"Jan","Feb","Mar","Apr","May","Jun","Jul","Aug","Sep","Oct","Nov","Dec"},0),1)) -> 46054 | X59: =IF(L59="","",SUBSTITUTE(SUBSTITUTE(L59,",","")," lb",""))*1 -> 3092.27 | Y59: =IF(H59="","",SUBSTITUTE(SUBSTITUTE(H59,",","")," mi",""))*1 -> 634
A60: Covered | B60: TAPCO COMPANIES | C60: MEADVILLE | D60: PA | E60: BLUELINX CINCINNATI | F60: INDEPENDENCE | G60: KY | H60: 339 mi | I60: 06-Nov-25 12:01 AM EST | J60: 06-Nov-25 11:59 PM EST | K60: Dry Van | L60: 2,403.36 lb | M60: LTL | N60: ESTES EXPRESS LINES | O60: EXLA | P60: 257.99 | Q60: 553076779 | R60: 05-Nov-25 9:21 AM EST | S60: 7ft post jacks - palletized | T60: 65 | U60: 2 ea | V60: 06-Nov-25 3:32 PM EST | W60: =IF(I60="","",DATE(2000+MID(I60,8,2),MATCH(MID(I60,4,3),{"Jan","Feb","Mar","Apr","May","Jun","Jul","Aug","Sep","Oct","Nov","Dec"},0),1)) -> 45962 | X60: =IF(L60="","",SUBSTITUTE(SUBSTITUTE(L60,",","")," lb",""))*1 -> 2403.36 | Y60: =IF(H60="","",SUBSTITUTE(SUBSTITUTE(H60,",","")," mi",""))*1 -> 339
A61: Covered | B61: TAPCO COMPANIES | C61: MEADVILLE | D61: PA | E61: BLUELINX CHICAGO | F61: UNIVERSITY PARK | G61: IL | H61: 420 mi | I61: 17-Feb-26 12:01 AM EST | J61: 17-Feb-26 11:59 PM CST | K61: Dry Van | L61: 1,507.2 lb | M61: LTL | N61: ESTES EXPRESS LINES | O61: EXLA | P61: 213.6 | Q61: 553076820 | R61: 16-Feb-26 2:26 PM EST | S61: 7ft post jacks - palletized | T61: 65 | U61: 2 ea | V61: 18-Feb-26 3:42 PM EST | W61: =IF(I61="","",DATE(2000+MID(I61,8,2),MATCH(MID(I61,4,3),{"Jan","Feb","Mar","Apr","May","Jun","Jul","Aug","Sep","Oct","Nov","Dec"},0),1)) -> 46054 | X61: =IF(L61="","",SUBSTITUTE(SUBSTITUTE(L61,",","")," lb",""))*1 -> 1507.2 | Y61: =IF(H61="","",SUBSTITUTE(SUBSTITUTE(H61,",","")," mi",""))*1 -> 420
A62: Covered | B62: Mike Fischer - warehouse | C62: Mooresville | D62: NC | E62: BlueLinx 5801B - Ace 2026 Spring Convention | F62: Louisville | G62: KY | H62: 452 mi | I62: 06-Feb-26 8:00 AM EST | J62: 09-Feb-26 5:00 PM EST | K62: Dry Van | L62: 750 lb | M62: LTL | N62: ESTES EXPRESS LINES | O62: EXLA | P62: 153 | R62: 03-Feb-26 8:52 AM EST | S62: 80in x 48in x 48in - flooring and siding samples | T62: 65 | U62: 1 ea | W62: =IF(I62="","",DATE(2000+MID(I62,8,2),MATCH(MID(I62,4,3),{"Jan","Feb","Mar","Apr","May","Jun","Jul","Aug","Sep","Oct","Nov","Dec"},0),1)) -> 46054 | X62: =IF(L62="","",SUBSTITUTE(SUBSTITUTE(L62,",","")," lb",""))*1 -> 750 | Y62: =IF(H62="","",SUBSTITUTE(SUBSTITUTE(H62,",","")," mi",""))*1 -> 452
A63: Covered | B63: BLUELINX DENVILLE | C63: DENVILLE | D63: NJ | E63: BLUELINX CHARLOTTE | F63: CHARLOTTE | G63: NC | H63: 603 mi | I63: 14-Nov-25 12:01 AM EST | J63: 17-Nov-25 11:59 PM EST | K63: Dry Van | L63: 1,200 lb | M63: LTL | N63: ESTES EXPRESS LINES | O63: EXLA | P63: 296.2 | Q63: 842502844 | R63: 20-Oct-25 10:36 AM EDT | S63: 8ft Bead Board - palletized | T63: 65 | U63: 1 ea | V63: 18-Nov-25 12:23 PM EST | W63: =IF(I63="","",DATE(2000+MID(I63,8,2),MATCH(MID(I63,4,3),{"Jan","Feb","Mar","Apr","May","Jun","Jul","Aug","Sep","Oct","Nov","Dec"},0),1)) -> 45962 | X63: =IF(L63="","",SUBSTITUTE(SUBSTITUTE(L63,",","")," lb",""))*1 -> 1200 | Y63: =IF(H63="","",SUBSTITUTE(SUBSTITUTE(H63,",","")," mi",""))*1 -> 603
A64: Covered | B64: BLUELINX DENVILLE | C64: DENVILLE | D64: NJ | E64: BLUELINX CHARLESTON | F64: CHARLESTON | G64: SC | H64: 730 mi | I64: 02-Dec-25 12:01 AM EST | J64: 03-Dec-25 11:59 PM EST | K64: Dry Van | L64: 1,200 lb | M64: LTL | N64: ESTES EXPRESS LINES | O64: EXLA | P64: 306.89 | Q64: 842519756 | R64: 01-Dec-25 10:11 AM EST | S64: 8ft beadboard | T64: 65 | U64: 1 ea | V64: 03-Dec-25 12:45 PM EST | W64: =IF(I64="","",DATE(2000+MID(I64,8,2),MATCH(MID(I64,4,3),{"Jan","Feb","Mar","Apr","May","Jun","Jul","Aug","Sep","Oct","Nov","Dec"},0),1)) -> 45992 | X64: =IF(L64="","",SUBSTITUTE(SUBSTITUTE(L64,",","")," lb",""))*1 -> 1200 | Y64: =IF(H64="","",SUBSTITUTE(SUBSTITUTE(H64,",","")," mi",""))*1 -> 730
A65: Covered | B65: BLUELINX FREDERICK | C65: FREDERICK | D65: MD | E65: BLUELINX CHARLOTTE | F65: CHARLOTTE | G65: NC | H65: 409 mi | I65: 19-Mar-26 12:01 AM EDT | J65: 20-Mar-26 11:59 PM EDT | K65: Dry Van | L65: 2,000 lb | M65: LTL | N65: ESTES EXPRESS LINES | O65: EXLA | P65: 367.67 | R65: 16-Feb-26 3:16 PM EST | S65: 8ft beadboard | T65: 65 | U65: 1 ea | W65: =IF(I65="","",DATE(2000+MID(I65,8,2),MATCH(MID(I65,4,3),{"Jan","Feb","Mar","Apr","May","Jun","Jul","Aug","Sep","Oct","Nov","Dec"},0),1)) -> 46082 | X65: =IF(L65="","",SUBSTITUTE(SUBSTITUTE(L65,",","")," lb",""))*1 -> 2000 | Y65: =IF(H65="","",SUBSTITUTE(SUBSTITUTE(H65,",","")," mi",""))*1 -> 409
A66: Covered | B66: TAPCO COMPANIES | C66: MEADVILLE | D66: PA | E66: BLUELINX GRAND RAPIDS-BUCHANAN | F66: GRAND RAPIDS | G66: MI | H66: 362 mi | I66: 17-Mar-26 12:01 AM EDT | J66: 17-Mar-26 11:59 PM EDT | K66: Dry Van | L66: 5,184 lb | M66: LTL | N66: ESTES EXPRESS LINES | O66: EXLA | P66: 625.17 | Q66: 553036131 | R66: 16-Mar-26 4:56 PM EDT | S66: 8ft jack posts - palletized | T66: 65 | U66: 9 ea | V66: 17-Mar-26 3:20 PM EDT | W66: =IF(I66="","",DATE(2000+MID(I66,8,2),MATCH(MID(I66,4,3),{"Jan","Feb","Mar","Apr","May","Jun","Jul","Aug","Sep","Oct","Nov","Dec"},0),1)) -> 46082 | X66: =IF(L66="","",SUBSTITUTE(SUBSTITUTE(L66,",","")," lb",""))*1 -> 5184 | Y66: =IF(H66="","",SUBSTITUTE(SUBSTITUTE(H66,",","")," mi",""))*1 -> 362
A67: Covered | B67: BLUELINX GRAND RAPIDS-BUCHANAN | C67: GRAND RAPIDS | D67: MI | E67: BLUELINX BELLINGHAM | F67: BELLINGHAM | G67: MA | H67: 896 mi | I67: 07-Jan-26 12:01 AM EST | J67: 07-Jan-26 11:59 PM EST | K67: Dry Van | L67: 156 lb | M67: LTL | N67: ESTES EXPRESS LINES | O67: EXLA | P67: 168.02 | Q67: 681804120 | R67: 06-Jan-26 2:31 PM EST | S67: 8ft Primed Post | T67: 65 | U67: 1 ea | V67: 07-Jan-26 12:57 PM EST | W67: =IF(I67="","",DATE(2000+MID(I67,8,2),MATCH(MID(I67,4,3),{"Jan","Feb","Mar","Apr","May","Jun","Jul","Aug","Sep","Oct","Nov","Dec"},0),1)) -> 46023 | X67: =IF(L67="","",SUBSTITUTE(SUBSTITUTE(L67,",","")," lb",""))*1 -> 156 | Y67: =IF(H67="","",SUBSTITUTE(SUBSTITUTE(H67,",","")," mi",""))*1 -> 896
A68: Covered | B68: KITCHEN KOMPACT INC | C68: JEFFERSONVILLE | D68: IN | E68: PRO DESK HOME DEPOT #1906 | F68: ORLAND PARK | G68: IL | H68: 290 mi | I68: 23-Feb-26 12:01 AM EST | J68: 23-Feb-26 11:59 PM CST | K68: Dry Van | L68: 128 lb | M68: LTL | N68: ESTES EXPRESS LINES | O68: EXLA | P68: 170.49 | Q68: 862251523 | R68: 19-Feb-26 11:06 AM EST | S68: 96-1/2 L x 38 W x 7-1/2 H - cabinet - palletized | T68: 65 | U68: 4 ea | V68: 23-Feb-26 12:19 PM EST | W68: =IF(I68="","",DATE(2000+MID(I68,8,2),MATCH(MID(I68,4,3),{"Jan","Feb","Mar","Apr","May","Jun","Jul","Aug","Sep","Oct","Nov","Dec"},0),1)) -> 46054 | X68: =IF(L68="","",SUBSTITUTE(SUBSTITUTE(L68,",","")," lb",""))*1 -> 128 | Y68: =IF(H68="","",SUBSTITUTE(SUBSTITUTE(H68,",","")," mi",""))*1 -> 290
A69: Covered | B69: KITCHEN KOMPACT INC | C69: JEFFERSONVILLE | D69: IN | E69: PRO DESK HOME DEPOT #1906 | F69: ORLAND PARK | G69: IL | H69: 290 mi | I69: 05-Mar-26 12:01 AM EST | J69: 05-Mar-26 11:59 PM CST | K69: Dry Van | L69: 64 lb | M69: LTL | N69: ESTES EXPRESS LINES | O69: EXLA | P69: 172.22 | Q69: 862312770 | R69: 04-Mar-26 12:21 PM EST | S69: 96-1/2 L x 7 in H x 35 in H - cabinet - palletized | T69: 65 | U69: 1 ea | V69: 05-Mar-26 1:26 PM EST | W69: =IF(I69="","",DATE(2000+MID(I69,8,2),MATCH(MID(I69,4,3),{"Jan","Feb","Mar","Apr","May","Jun","Jul","Aug","Sep","Oct","Nov","Dec"},0),1)) -> 46082 | X69: =IF(L69="","",SUBSTITUTE(SUBSTITUTE(L69,",","")," lb",""))*1 -> 64 | Y69: =IF(H69="","",SUBSTITUTE(SUBSTITUTE(H69,",","")," mi",""))*1 -> 290
A70: Covered | B70: BlueLinx Corporation | C70: Fort Worth | D70: TX | E70: Superior Pool - El Paso # 540 | F70: El Paso | G70: TX | H70: 586 mi | I70: 25-Feb-26 12:01 AM CST | J70: 26-Feb-26 11:59 PM MST | K70: Dry Van | L70: 400 lb | M70: LTL | N70: ESTES EXPRESS LINES | O70: EXLA | P70: 131.72 | Q70: 1842460334 | R70: 08-Feb-26 4:16 PM EST | S70: Bar Ties - boxed and palletized | T70: 65 | U70: 1 ea | V70: 27-Feb-26 12:16 PM CST | W70: =IF(I70="","",DATE(2000+MID(I70,8,2),MATCH(MID(I70,4,3),{"Jan","Feb","Mar","Apr","May","Jun","Jul","Aug","Sep","Oct","Nov","Dec"},0),1)) -> 46054 | X70: =IF(L70="","",SUBSTITUTE(SUBSTITUTE(L70,",","")," lb",""))*1 -> 400 | Y70: =IF(H70="","",SUBSTITUTE(SUBSTITUTE(H70,",","")," mi",""))*1 -> 586
A71: Covered | B71: BlueLinx Corporation | C71: Fort Worth | D71: TX | E71: TEXAS POOL SUPPLY - FW (HPSG) | F71: El Paso | G71: TX | H71: 586 mi | I71: 25-Feb-26 12:01 AM CST | J71: 25-Feb-26 11:59 PM MST | K71: Dry Van | L71: 1,800 lb | M71: LTL | N71: ESTES EXPRESS LINES | O71: EXLA | P71: 277.52 | Q71: 1842460333 | R71: 24-Feb-26 4:41 PM EST | S71: Bar ties - boxed and palletized | T71: 65 | U71: 1 ea | V71: 27-Feb-26 2:16 PM CST | W71: =IF(I71="","",DATE(2000+MID(I71,8,2),MATCH(MID(I71,4,3),{"Jan","Feb","Mar","Apr","May","Jun","Jul","Aug","Sep","Oct","Nov","Dec"},0),1)) -> 46054 | X71: =IF(L71="","",SUBSTITUTE(SUBSTITUTE(L71,",","")," lb",""))*1 -> 1800 | Y71: =IF(H71="","",SUBSTITUTE(SUBSTITUTE(H71,",","")," mi",""))*1 -> 586
A72: Covered | B72: CEDAR CREEK LIT | C72: NORTH LITTLE ROCK | D72: AR | E72: CEDAR CREEK HOUSTON | F72: HOUSTON | G72: TX | H72: 432 mi | I72: 13-Feb-26 12:01 AM CST | J72: 16-Feb-26 11:59 PM CST | K72: Dry Van | L72: 56 lb | M72: LTL | N72: ESTES EXPRESS LINES | O72: EXLA | P72: 129.87 | R72: 12-Feb-26 11:46 AM EST | S72: Box of clips -palletized | T72: 65 | U72: 1 ea | W72: =IF(I72="","",DATE(2000+MID(I72,8,2),MATCH(MID(I72,4,3),{"Jan","Feb","Mar","Apr","May","Jun","Jul","Aug","Sep","Oct","Nov","Dec"},0),1)) -> 46054 | X72: =IF(L72="","",SUBSTITUTE(SUBSTITUTE(L72,",","")," lb",""))*1 -> 56 | Y72: =IF(H72="","",SUBSTITUTE(SUBSTITUTE(H72,",","")," mi",""))*1 -> 432
A73: Covered | B73: BLUELINX AKRON | C73: TALLMADGE | D73: OH | E73: BLUELINX BUFFALO | F73: BLASDELL | G73: NY | H73: 200 mi | I73: 05-Dec-25 12:01 AM EST | J73: 05-Dec-25 11:59 PM EST | K73: Dry Van | L73: 1,008 lb | M73: LTL | N73: ESTES EXPRESS LINES | O73: EXLA | P73: 131.1 | Q73: 1220779169 | R73: 03-Dec-25 11:51 AM EST | S73: Boxed and palletized - floor adhesive | T73: 65 | U73: 1 ea | V73: 05-Dec-25 4:00 PM EST | W73: =IF(I73="","",DATE(2000+MID(I73,8,2),MATCH(MID(I73,4,3),{"Jan","Feb","Mar","Apr","May","Jun","Jul","Aug","Sep","Oct","Nov","Dec"},0),1)) -> 45992 | X73: =IF(L73="","",SUBSTITUTE(SUBSTITUTE(L73,",","")," lb",""))*1 -> 1008 | Y73: =IF(H73="","",SUBSTITUTE(SUBSTITUTE(H73,",","")," mi",""))*1 -> 200
A74: Covered | B74: BlueLinx Corporation | C74: Tipton | D74: IN | E74: WHITECAP - AFS #416 | F74: Madison` | G74: WI | H74: 314 mi | I74: 25-Feb-26 12:01 AM EST | J74: 26-Feb-26 11:59 PM CST | K74: Dry Van | L74: 4,875.19 lb | M74: LTL | N74: ESTES EXPRESS LINES | O74: EXLA | P74: 382.75 | Q74: 1180224034 | R74: 24-Feb-26 1:26 PM EST | S74: Boxed Nails - palletized | T74: 65 | U74: 2 ea | V74: 25-Feb-26 12:16 PM EST | W74: =IF(I74="","",DATE(2000+MID(I74,8,2),MATCH(MID(I74,4,3),{"Jan","Feb","Mar","Apr","May","Jun","Jul","Aug","Sep","Oct","Nov","Dec"},0),1)) -> 46054 | X74: =IF(L74="","",SUBSTITUTE(SUBSTITUTE(L74,",","")," lb",""))*1 -> 4875.19 | Y74: =IF(H74="","",SUBSTITUTE(SUBSTITUTE(H74,",","")," mi",""))*1 -> 314
A75: Covered | B75: NU-VUE INDUSTRIES | C75: HIALEAH | D75: FL | E75: BLUELINX - JACKSONVILLE | F75: YULEE | G75: FL | H75: 365 mi | I75: 23-Mar-26 12:01 AM EDT | J75: 24-Mar-26 11:59 PM EDT | K75: Dry Van | L75: 184 lb | M75: LTL | N75: ESTES EXPRESS LINES | O75: EXLA | P75: 150.8 | Q75: 492777416 | R75: 20-Mar-26 12:31 PM EDT | S75: Boxes of galvanied anchors - palletized | T75: 65 | U75: 1 ea | V75: 23-Mar-26 2:31 PM EDT | W75: =IF(I75="","",DATE(2000+MID(I75,8,2),MATCH(MID(I75,4,3),{"Jan","Feb","Mar","Apr","May","Jun","Jul","Aug","Sep","Oct","Nov","Dec"},0),1)) -> 46082 | X75: =IF(L75="","",SUBSTITUTE(SUBSTITUTE(L75,",","")," lb",""))*1 -> 184 | Y75: =IF(H75="","",SUBSTITUTE(SUBSTITUTE(H75,",","")," mi",""))*1 -> 365
A76: Covered | B76: BLUELINX ATLANTA | C76: LAWRENCEVILLE | D76: GA | E76: BLUELINX FORT WORTH | F76: FT WORTH | G76: TX | H76: 844 mi | I76: 14-Jan-26 12:01 AM EST | J76: 15-Jan-26 11:59 PM CST | K76: Dry Van | L76: 1,830 lb | M76: LTL | N76: Southeastern Freight | O76: SEFL | P76: 335.23 | Q76: 468506781 | R76: 12-Jan-26 9:36 AM EST | S76: Boxes of Nail Stakes - palletized | T76: 65 | U76: 1 ea | V76: 14-Jan-26 2:27 PM EST | W76: =IF(I76="","",DATE(2000+MID(I76,8,2),MATCH(MID(I76,4,3),{"Jan","Feb","Mar","Apr","May","Jun","Jul","Aug","Sep","Oct","Nov","Dec"},0),1)) -> 46023 | X76: =IF(L76="","",SUBSTITUTE(SUBSTITUTE(L76,",","")," lb",""))*1 -> 1830 | Y76: =IF(H76="","",SUBSTITUTE(SUBSTITUTE(H76,",","")," mi",""))*1 -> 844
A77: Covered | B77: BlueLinx Corporation | C77: Lawrenceville | D77: GA | E77: JENNINGS BLDG SUPPLY-BREVARD | F77: BREVARD | G77: NC | H77: 144 mi | I77: 23-Dec-25 12:01 AM EST | J77: 26-Dec-25 11:59 PM EST | K77: Dry Van | L77: 150 lb | M77: LTL | N77: ESTES EXPRESS LINES | O77: EXLA | P77: 128.02 | Q77: 473447563 | R77: 22-Dec-25 1:11 PM EST | S77: Boxes of sealant glue - palletized | T77: 65 | U77: 1 ea | V77: 23-Dec-25 8:52 AM EST | W77: =IF(I77="","",DATE(2000+MID(I77,8,2),MATCH(MID(I77,4,3),{"Jan","Feb","Mar","Apr","May","Jun","Jul","Aug","Sep","Oct","Nov","Dec"},0),1)) -> 45992 | X77: =IF(L77="","",SUBSTITUTE(SUBSTITUTE(L77,",","")," lb",""))*1 -> 150 | Y77: =IF(H77="","",SUBSTITUTE(SUBSTITUTE(H77,",","")," mi",""))*1 -> 144
A78: Covered | B78: BLUELINX CHARLESTON | C78: CHARLESTON | D78: SC | E78: BLUELINX RALEIGH | F78: BUTNER | G78: NC | H78: 291 mi | I78: 21-Nov-25 12:01 AM EST | J78: 25-Nov-25 11:59 PM EST | K78: Dry Van | L78: 1,204.01 lb | M78: LTL | N78: ESTES EXPRESS LINES | O78: EXLA | P78: 132.33 | Q78: 341304245 | R78: 20-Nov-25 8:21 AM EST | S78: Boxes of sealant tape - palletized | T78: 65 | U78: 1 ea | V78: 21-Nov-25 12:57 PM EST | W78: =IF(I78="","",DATE(2000+MID(I78,8,2),MATCH(MID(I78,4,3),{"Jan","Feb","Mar","Apr","May","Jun","Jul","Aug","Sep","Oct","Nov","Dec"},0),1)) -> 45962 | X78: =IF(L78="","",SUBSTITUTE(SUBSTITUTE(L78,",","")," lb",""))*1 -> 1204.01 | Y78: =IF(H78="","",SUBSTITUTE(SUBSTITUTE(H78,",","")," mi",""))*1 -> 291
A79: Covered | B79: FIIM | C79: Pompano Beach | D79: FL | E79: PARADISE LBR, ORGILL #087148 | F79: JACKSONVILLE | G79: FL | H79: 313 mi | I79: 17-Feb-26 12:01 AM EST | J79: 17-Feb-26 11:59 PM EST | K79: Dry Van | L79: 660 lb | M79: LTL | N79: ESTES EXPRESS LINES | O79: EXLA | P79: 130.49 | Q79: 980023385 | R79: 16-Feb-26 8:41 AM EST | S79: Boxes of snaps ties - palletized | T79: 65 | U79: 1 ea | V79: 17-Feb-26 4:19 PM EST | W79: =IF(I79="","",DATE(2000+MID(I79,8,2),MATCH(MID(I79,4,3),{"Jan","Feb","Mar","Apr","May","Jun","Jul","Aug","Sep","Oct","Nov","Dec"},0),1)) -> 46054 | X79: =IF(L79="","",SUBSTITUTE(SUBSTITUTE(L79,",","")," lb",""))*1 -> 660 | Y79: =IF(H79="","",SUBSTITUTE(SUBSTITUTE(H79,",","")," mi",""))*1 -> 313
A80: Covered | B80: KITCHEN KOMPACT INC | C80: JEFFERSONVILLE | D80: IN | E80: PRO DESK LOWES #0080 | F80: CHAMPAIGN | G80: IL | H80: 235 mi | I80: 09-Feb-26 12:01 AM EST | J80: 09-Feb-26 11:59 PM CST | K80: Dry Van | L80: 380 lb | M80: LTL | N80: ESTES EXPRESS LINES | O80: EXLA | P80: 169.87 | Q80: 862251503 | R80: 06-Feb-26 10:31 AM EST | S80: cabinet - standard pallet | T80: 65 | U80: 1 ea | V80: 09-Feb-26 3:45 PM EST | W80: =IF(I80="","",DATE(2000+MID(I80,8,2),MATCH(MID(I80,4,3),{"Jan","Feb","Mar","Apr","May","Jun","Jul","Aug","Sep","Oct","Nov","Dec"},0),1)) -> 46054 | X80: =IF(L80="","",SUBSTITUTE(SUBSTITUTE(L80,",","")," lb",""))*1 -> 380 | Y80: =IF(H80="","",SUBSTITUTE(SUBSTITUTE(H80,",","")," mi",""))*1 -> 235
A81: Covered | B81: KITCHEN KOMPACT INC | C81: JEFFERSONVILLE | D81: IN | E81: ANCHOR LBR #3740 | F81: SILVIS | G81: IL | H81: 411 mi | I81: 25-Mar-26 12:01 AM EDT | J81: 25-Mar-26 11:59 PM CDT | K81: Dry Van | L81: 44 lb | M81: LTL | N81: ESTES EXPRESS LINES | O81: EXLA | P81: 150.8 | R81: 24-Mar-26 1:31 PM EDT | S81: cabinet - standard pallet | T81: 65 | U81: 1 ea | W81: =IF(I81="","",DATE(2000+MID(I81,8,2),MATCH(MID(I81,4,3),{"Jan","Feb","Mar","Apr","May","Jun","Jul","Aug","Sep","Oct","Nov","Dec"},0),1)) -> 46082 | X81: =IF(L81="","",SUBSTITUTE(SUBSTITUTE(L81,",","")," lb",""))*1 -> 44 | Y81: =IF(H81="","",SUBSTITUTE(SUBSTITUTE(H81,",","")," mi",""))*1 -> 411
A82: Covered | B82: BLUELINX CORP - FORT WORTH MAI | C82: FORT WORTH | D82: TX | E82: BLUELINX FORT WORTH | F82: FT WORTH | G82: TX | H82: 0 mi | I82: 20-Nov-25 12:01 AM CST | J82: 20-Nov-25 11:59 PM CST | K82: Dry Van | L82: 1,800 lb | M82: LTL | N82: Southeastern Freight | O82: SEFL | P82: 109.46 | R82: 09-Dec-25 6:51 AM EST | S82: COCNCRETE ACCESORIES | T82: 65 | U82: 1 ea | W82: =IF(I82="","",DATE(2000+MID(I82,8,2),MATCH(MID(I82,4,3),{"Jan","Feb","Mar","Apr","May","Jun","Jul","Aug","Sep","Oct","Nov","Dec"},0),1)) -> 45962 | X82: =IF(L82="","",SUBSTITUTE(SUBSTITUTE(L82,",","")," lb",""))*1 -> 1800 | Y82: =IF(H82="","",SUBSTITUTE(SUBSTITUTE(H82,",","")," mi",""))*1 -> 0
A83: Covered | B83: BlueLinx Corporation | C83: Yulee | D83: FL | E83: RONALDS SERVICENTRE - FT LAUDE | F83: RIVERIA BEACH | G83: FL | H83: 300 mi | I83: 18-Dec-25 12:01 AM EST | J83: 19-Dec-25 11:59 PM EST | K83: Dry Van | L83: 900 lb | M83: LTL | N83: Southeastern Freight | O83: SEFL | P83: 187.93 | Q83: 462372545 | R83: 17-Dec-25 5:16 PM EST | S83: Column accessories | T83: 65 | U83: 1 ea | V83: 18-Dec-25 1:38 PM EST | W83: =IF(I83="","",DATE(2000+MID(I83,8,2),MATCH(MID(I83,4,3),{"Jan","Feb","Mar","Apr","May","Jun","Jul","Aug","Sep","Oct","Nov","Dec"},0),1)) -> 45992 | X83: =IF(L83="","",SUBSTITUTE(SUBSTITUTE(L83,",","")," lb",""))*1 -> 900 | Y83: =IF(H83="","",SUBSTITUTE(SUBSTITUTE(H83,",","")," mi",""))*1 -> 300
A84: Covered | B84: BLUELINX CORP - FORT WORTH MAI | C84: FORT WORTH | D84: TX | E84: Superior Pool Products â€“ Â 540A El Paso | F84: el paso | G84: TX | H84: 586 mi | I84: 12-Dec-25 8:00 AM CST | J84: 12-Dec-25 5:00 PM MST | K84: Dry Van | L84: 300 lb | M84: LTL | N84: Southeastern Freight | O84: SEFL | P84: 108.68 | Q84: 426661362 | R84: 12-Dec-25 9:05 AM EST | S84: concrete accessories | T84: 65 | U84: 1 ea | V84: 12-Dec-25 8:00 AM CST | W84: =IF(I84="","",DATE(2000+MID(I84,8,2),MATCH(MID(I84,4,3),{"Jan","Feb","Mar","Apr","May","Jun","Jul","Aug","Sep","Oct","Nov","Dec"},0),1)) -> 45992 | X84: =IF(L84="","",SUBSTITUTE(SUBSTITUTE(L84,",","")," lb",""))*1 -> 300 | Y84: =IF(H84="","",SUBSTITUTE(SUBSTITUTE(H84,",","")," mi",""))*1 -> 586
A85: Covered | B85: BlueLinx Corporation | C85: Fort Worth | D85: TX | E85: Superior Pool - El Paso # 540 | F85: El Paso | G85: TX | H85: 586 mi | I85: 13-Mar-26 12:01 AM CDT | J85: 13-Mar-26 11:59 PM MDT | K85: Dry Van | L85: 400 lb | M85: LTL | N85: ESTES EXPRESS LINES | O85: EXLA | P85: 144.64 | Q85: 1842340876 | R85: 12-Mar-26 12:51 PM EDT | S85: Concrete accesssories | T85: 65 | U85: 1 ea | V85: 13-Mar-26 11:11 AM CDT | W85: =IF(I85="","",DATE(2000+MID(I85,8,2),MATCH(MID(I85,4,3),{"Jan","Feb","Mar","Apr","May","Jun","Jul","Aug","Sep","Oct","Nov","Dec"},0),1)) -> 46082 | X85: =IF(L85="","",SUBSTITUTE(SUBSTITUTE(L85,",","")," lb",""))*1 -> 400 | Y85: =IF(H85="","",SUBSTITUTE(SUBSTITUTE(H85,",","")," mi",""))*1 -> 586
A86: Covered | B86: Allvan USA, LLC | C86: La Vergne | D86: TN | E86: BLUELINX RALEIGH | F86: BUTNER | G86: NC | H86: 507 mi | I86: 16-Jan-26 8:00 AM CST | J86: 19-Jan-26 5:00 PM EST | K86: Dry Van | L86: 81 lb | M86: LTL | N86: ESTES EXPRESS LINES | O86: EXLA | P86: 187.4 | Q86: 373694283 | R86: 15-Jan-26 10:19 AM EST | S86: Curtain trailer accessories - palletized - 116 in long | T86: 65 | U86: 1 ea | V86: 16-Jan-26 1:20 AM CST | W86: =IF(I86="","",DATE(2000+MID(I86,8,2),MATCH(MID(I86,4,3),{"Jan","Feb","Mar","Apr","May","Jun","Jul","Aug","Sep","Oct","Nov","Dec"},0),1)) -> 46023 | X86: =IF(L86="","",SUBSTITUTE(SUBSTITUTE(L86,",","")," lb",""))*1 -> 81 | Y86: =IF(H86="","",SUBSTITUTE(SUBSTITUTE(H86,",","")," mi",""))*1 -> 507
A87: Covered | B87: BLUELINX PENSACOLA | C87: PENSACOLA | D87: FL | E87: BLUELINX - RICHMOND | F87: RICHMOND | G87: VA | H87: 841 mi | I87: 04-Mar-26 8:00 AM CST | J87: 05-Mar-26 5:00 PM EST | K87: Dry Van | L87: 324 lb | M87: LTL | N87: ESTES EXPRESS LINES | O87: EXLA | P87: 171.72 | Q87: 1090621044 | R87: 03-Mar-26 11:49 AM EST | S87: Curtainside van accessories - | T87: 65 | U87: 1 ea | V87: 05-Mar-26 2:10 PM CST | W87: =IF(I87="","",DATE(2000+MID(I87,8,2),MATCH(MID(I87,4,3),{"Jan","Feb","Mar","Apr","May","Jun","Jul","Aug","Sep","Oct","Nov","Dec"},0),1)) -> 46082 | X87: =IF(L87="","",SUBSTITUTE(SUBSTITUTE(L87,",","")," lb",""))*1 -> 324 | Y87: =IF(H87="","",SUBSTITUTE(SUBSTITUTE(H87,",","")," mi",""))*1 -> 841
A88: Covered | B88: Allvan USA, LLC | C88: La Vergne | D88: TN | E88: BLUELINX PORTLAND | F88: PORTLAND | G88: ME | H88: 1,181 mi | I88: 07-Jan-26 8:00 AM CST | J88: 09-Jan-26 5:00 PM EST | K88: Dry Van | L88: 93 lb | M88: LTL | N88: ESTES EXPRESS LINES | O88: EXLA | P88: 168.02 | Q88: 373565569 | R88: 06-Jan-26 10:10 AM EST | S88: Curtainside van accessories - 114 in long | T88: 65 | U88: 2 ea | V88: 07-Jan-26 12:16 PM CST | W88: =IF(I88="","",DATE(2000+MID(I88,8,2),MATCH(MID(I88,4,3),{"Jan","Feb","Mar","Apr","May","Jun","Jul","Aug","Sep","Oct","Nov","Dec"},0),1)) -> 46023 | X88: =IF(L88="","",SUBSTITUTE(SUBSTITUTE(L88,",","")," lb",""))*1 -> 93 | Y88: =IF(H88="","",SUBSTITUTE(SUBSTITUTE(H88,",","")," mi",""))*1 -> 1181
A89: Covered | B89: Allvan USA, LLC | C89: La Vergne | D89: TN | E89: BLUELINX INDIANAPOLIS | F89: TIPTON | G89: IN | H89: 341 mi | I89: 28-Jan-26 8:00 AM CST | J89: 29-Jan-26 5:00 PM EST | K89: Dry Van | L89: 48 lb | M89: LTL | N89: ESTES EXPRESS LINES | O89: EXLA | P89: 168.02 | Q89: 373773807 | R89: 27-Jan-26 4:49 PM EST | S89: Curtainside van accessories - 121 in x 6 in x 2 in | T89: 65 | U89: 1 ea | V89: 28-Jan-26 2:42 PM CST | W89: =IF(I89="","",DATE(2000+MID(I89,8,2),MATCH(MID(I89,4,3),{"Jan","Feb","Mar","Apr","May","Jun","Jul","Aug","Sep","Oct","Nov","Dec"},0),1)) -> 46023 | X89: =IF(L89="","",SUBSTITUTE(SUBSTITUTE(L89,",","")," lb",""))*1 -> 48 | Y89: =IF(H89="","",SUBSTITUTE(SUBSTITUTE(H89,",","")," mi",""))*1 -> 341
A90: Covered | B90: ALL VAN | C90: LAVERGNE | D90: TN | E90: BLUELINX PENSACOLA | F90: PENSACOLA | G90: FL | H90: 440 mi | I90: 09-Jan-26 8:00 AM CST | J90: 09-Jan-26 5:00 PM CST | K90: Dry Van | L90: 324 lb | M90: LTL | N90: ESTES EXPRESS LINES | O90: EXLA | P90: 167.14 | Q90: 373694253 | R90: 08-Jan-26 1:16 PM EST | S90: Curtainside van accessories - 125 in x 38 in x 15 in | T90: 65 | U90: 1 ea | V90: 09-Jan-26 12:33 PM CST | W90: =IF(I90="","",DATE(2000+MID(I90,8,2),MATCH(MID(I90,4,3),{"Jan","Feb","Mar","Apr","May","Jun","Jul","Aug","Sep","Oct","Nov","Dec"},0),1)) -> 46023 | X90: =IF(L90="","",SUBSTITUTE(SUBSTITUTE(L90,",","")," lb",""))*1 -> 324 | Y90: =IF(H90="","",SUBSTITUTE(SUBSTITUTE(H90,",","")," mi",""))*1 -> 440
A91: Covered | B91: BLUELINX ELKHART | C91: ELKHART | D91: IN | E91: CHAMPION (WEISER) HOME BLDRS | F91: WEISER | G91: ID | H91: 1,841 mi | I91: 13-Mar-26 12:01 AM EDT | J91: 13-Mar-26 11:59 PM MDT | K91: Dry Van | L91: 4,900 lb | M91: LTL | N91: ESTES EXPRESS LINES | O91: EXLA | P91: 1496.74 | Q91: 1271507824 | R91: 12-Mar-26 12:51 PM EDT | S91: Dimensions: 4â€™ x 4â€™ x 92â€H - doors slabs | T91: 65 | U91: 7 ea | V91: 13-Mar-26 12:04 PM EDT | W91: =IF(I91="","",DATE(2000+MID(I91,8,2),MATCH(MID(I91,4,3),{"Jan","Feb","Mar","Apr","May","Jun","Jul","Aug","Sep","Oct","Nov","Dec"},0),1)) -> 46082 | X91: =IF(L91="","",SUBSTITUTE(SUBSTITUTE(L91,",","")," lb",""))*1 -> 4900 | Y91: =IF(H91="","",SUBSTITUTE(SUBSTITUTE(H91,",","")," mi",""))*1 -> 1841
A92: Covered | B92: ESTES EXPRESS LINES | C92: RICHMOND | D92: VA | E92: BLUELINX ELKHART | F92: ELKHART | G92: IN | H92: 661 mi | I92: 16-Mar-26 12:01 AM EDT | J92: 23-Mar-26 11:59 PM EDT | K92: Dry Van | L92: 2,850 lb | M92: LTL | N92: ESTES EXPRESS LINES | O92: EXLA | P92: 700.34 | R92: 16-Mar-26 8:31 AM EDT | S92: Door jambs - accessories | T92: 125 | U92: 4 ea | W92: =IF(I92="","",DATE(2000+MID(I92,8,2),MATCH(MID(I92,4,3),{"Jan","Feb","Mar","Apr","May","Jun","Jul","Aug","Sep","Oct","Nov","Dec"},0),1)) -> 46082 | X92: =IF(L92="","",SUBSTITUTE(SUBSTITUTE(L92,",","")," lb",""))*1 -> 2850 | Y92: =IF(H92="","",SUBSTITUTE(SUBSTITUTE(H92,",","")," mi",""))*1 -> 661
A93: Covered | B93: BLUELINX ELKHART | C93: ELKHART | D93: IN | E93: CHAMPION HOME BLDRS-STRATTANVI | F93: STRATTANVILLE | G93: PA | H93: 367 mi | I93: 16-Mar-26 12:01 AM EDT | J93: 23-Mar-26 11:59 PM EDT | K93: Dry Van | L93: 1,290 lb | M93: LTL | N93: ESTES EXPRESS LINES | O93: EXLA | P93: 475.51 | Q93: 1271599687 | R93: 16-Mar-26 8:31 AM EDT | S93: Door jambs - accessories | T93: 125 | U93: 2 ea | V93: 16-Mar-26 1:11 PM EDT | W93: =IF(I93="","",DATE(2000+MID(I93,8,2),MATCH(MID(I93,4,3),{"Jan","Feb","Mar","Apr","May","Jun","Jul","Aug","Sep","Oct","Nov","Dec"},0),1)) -> 46082 | X93: =IF(L93="","",SUBSTITUTE(SUBSTITUTE(L93,",","")," lb",""))*1 -> 1290 | Y93: =IF(H93="","",SUBSTITUTE(SUBSTITUTE(H93,",","")," mi",""))*1 -> 367
A94: Covered | B94: BLUELINX ELKHART | C94: ELKHART | D94: IN | E94: Champion Home Builders | F94: leola | G94: PA | H94: 587 mi | I94: 16-Mar-26 12:01 AM EDT | J94: 20-Mar-26 11:59 PM EDT | K94: Dry Van | L94: 4,434 lb | M94: LTL | N94: ESTES EXPRESS LINES | O94: EXLA | P94: 467.72 | Q94: 1271593562 | R94: 13-Mar-26 11:56 AM EDT | S94: Door jams-slabs - palletized | T94: 125 | U94: 6 ea | V94: 18-Mar-26 11:02 AM EDT | W94: =IF(I94="","",DATE(2000+MID(I94,8,2),MATCH(MID(I94,4,3),{"Jan","Feb","Mar","Apr","May","Jun","Jul","Aug","Sep","Oct","Nov","Dec"},0),1)) -> 46082 | X94: =IF(L94="","",SUBSTITUTE(SUBSTITUTE(L94,",","")," lb",""))*1 -> 4434 | Y94: =IF(H94="","",SUBSTITUTE(SUBSTITUTE(H94,",","")," mi",""))*1 -> 587
A95: Covered | B95: BlueLinx Corporation | C95: Elkhart | D95: IN | E95: CHAMPION HOME BLDRS-SAN JACINT | F95: SAN JACINTO | G95: CA | H95: 2,098 mi | I95: 24-Mar-26 12:01 AM EDT | J95: 24-Mar-26 11:59 PM PDT | K95: Dry Van | L95: 2,155 lb | M95: LTL | N95: ESTES EXPRESS LINES | O95: EXLA | P95: 822 | Q95: 1271515208 | R95: 23-Mar-26 8:31 AM EDT | S95: Doors and accessories - palletized | T95: 125 | U95: 3 ea | V95: 24-Mar-26 10:26 AM EDT | W95: =IF(I95="","",DATE(2000+MID(I95,8,2),MATCH(MID(I95,4,3),{"Jan","Feb","Mar","Apr","May","Jun","Jul","Aug","Sep","Oct","Nov","Dec"},0),1)) -> 46082 | X95: =IF(L95="","",SUBSTITUTE(SUBSTITUTE(L95,",","")," lb",""))*1 -> 2155 | Y95: =IF(H95="","",SUBSTITUTE(SUBSTITUTE(H95,",","")," mi",""))*1 -> 2098
A96: Covered | B96: BlueLinx Corporation | C96: Elkhart | D96: IN | E96: CHAMPION HOME BLDRS - SANGER | F96: SANGERFIELD | G96: NY | H96: 608 mi | I96: 17-Nov-25 12:01 AM EST | J96: 18-Nov-25 11:59 PM EST | K96: Dry Van | L96: 4,165 lb | M96: LTL | N96: ESTES EXPRESS LINES | O96: EXLA | P96: 876.73 | Q96: 1271546501 | R96: 13-Nov-25 1:56 PM EST | S96: Doors and accessories palletized | T96: 125 | U96: 7 ea | V96: 17-Nov-25 1:45 PM EST | W96: =IF(I96="","",DATE(2000+MID(I96,8,2),MATCH(MID(I96,4,3),{"Jan","Feb","Mar","Apr","May","Jun","Jul","Aug","Sep","Oct","Nov","Dec"},0),1)) -> 45962 | X96: =IF(L96="","",SUBSTITUTE(SUBSTITUTE(L96,",","")," lb",""))*1 -> 4165 | Y96: =IF(H96="","",SUBSTITUTE(SUBSTITUTE(H96,",","")," mi",""))*1 -> 608
A97: Covered | B97: BLUELINX ELKHART | C97: ELKHART | D97: IN | E97: BLUELINX LAKE CITY | F97: LAKE CITY | G97: FL | H97: 951 mi | I97: 04-Mar-26 12:01 AM EST | J97: 05-Mar-26 11:59 PM EST | K97: Dry Van | L97: 6,528.38 lb | M97: LTL | N97: ESTES EXPRESS LINES | O97: EXLA | P97: 1425.94 | Q97: 1271595754 | R97: 03-Mar-26 1:26 PM EST | S97: Doors and accessories palletized | T97: 125 | U97: 4 ea | V97: 04-Mar-26 12:16 PM EST | W97: =IF(I97="","",DATE(2000+MID(I97,8,2),MATCH(MID(I97,4,3),{"Jan","Feb","Mar","Apr","May","Jun","Jul","Aug","Sep","Oct","Nov","Dec"},0),1)) -> 46082 | X97: =IF(L97="","",SUBSTITUTE(SUBSTITUTE(L97,",","")," lb",""))*1 -> 6528.38 | Y97: =IF(H97="","",SUBSTITUTE(SUBSTITUTE(H97,",","")," mi",""))*1 -> 951
A98: Covered | B98: BlueLinx Corporation | C98: Elkhart | D98: IN | E98: CHAMPION HOME - WOODLAND #237 | F98: WOODLAND | G98: CA | H98: 2,146 mi | I98: 24-Mar-26 12:01 AM EDT | J98: 24-Mar-26 11:59 PM PDT | K98: Dry Van | L98: 3,870 lb | M98: LTL | N98: ESTES EXPRESS LINES | O98: EXLA | P98: 771.38 | Q98: 1271515206 | R98: 23-Mar-26 8:31 AM EDT | S98: Doors and accessories palletized | T98: 125 | U98: 3 ea | V98: 24-Mar-26 10:26 AM EDT | W98: =IF(I98="","",DATE(2000+MID(I98,8,2),MATCH(MID(I98,4,3),{"Jan","Feb","Mar","Apr","May","Jun","Jul","Aug","Sep","Oct","Nov","Dec"},0),1)) -> 46082 | X98: =IF(L98="","",SUBSTITUTE(SUBSTITUTE(L98,",","")," lb",""))*1 -> 3870 | Y98: =IF(H98="","",SUBSTITUTE(SUBSTITUTE(H98,",","")," mi",""))*1 -> 2146
A99: Covered | B99: BLUELINX SEATTLE | C99: KENT | D99: WA | E99: TAL Holdings | F99: Chelan | G99: WA | H99: 177 mi | I99: 20-Mar-26 8:00 AM PDT | J99: 24-Mar-26 5:00 PM PDT | K99: Dry Van | L99: 65 lb | M99: LTL | N99: ESTES EXPRESS LINES | O99: EXLA | P99: 209.26 | R99: 18-Mar-26 12:59 PM EDT | S99: Drip cpa panels - 10ft - palletized | T99: 125 | U99: 1 ea | W99: =IF(I99="","",DATE(2000+MID(I99,8,2),MATCH(MID(I99,4,3),{"Jan","Feb","Mar","Apr","May","Jun","Jul","Aug","Sep","Oct","Nov","Dec"},0),1)) -> 46082 | X99: =IF(L99="","",SUBSTITUTE(SUBSTITUTE(L99,",","")," lb",""))*1 -> 65 | Y99: =IF(H99="","",SUBSTITUTE(SUBSTITUTE(H99,",","")," mi",""))*1 -> 177
A100: Covered | B100: BLUELINX CHARLESTON | C100: CHARLESTON | D100: SC | E100: BLUELINX RALEIGH | F100: BUTNER | G100: NC | H100: 291 mi | I100: 04-Feb-26 12:01 AM EST | J100: 05-Feb-26 11:59 PM EST | K100: Dry Van | L100: 106 lb | M100: LTL | N100: ESTES EXPRESS LINES | O100: EXLA | P100: 129.87 | Q100: 341302041 | R100: 02-Feb-26 10:06 AM EST | S100: Flashing-Accessories - palletized | T100: 65 | U100: 1 ea | V100: 04-Feb-26 9:35 AM EST | W100: =IF(I100="","",DATE(2000+MID(I100,8,2),MATCH(MID(I100,4,3),{"Jan","Feb","Mar","Apr","May","Jun","Jul","Aug","Sep","Oct","Nov","Dec"},0),1)) -> 46054 | X100: =IF(L100="","",SUBSTITUTE(SUBSTITUTE(L100,",","")," lb",""))*1 -> 106 | Y100: =IF(H100="","",SUBSTITUTE(SUBSTITUTE(H100,",","")," mi",""))*1 -> 291
...

Sheet LTL Trending Analysis
A1: LTL Shipment Trending Analysis
A2: Data Period: October 2025 – March 2026
A4: Monthly Shipment Summary
A5: Month | B5: Shipment Count | C5: Total Spend | D5: Avg Cost/Shipment | E5: Total Weight (lbs) | F5: Avg Weight/Shipment | G5: Total Distance (mi) | H5: Avg Distance/Shipment | I5: Avg Cost per lb | J5: Avg Cost per Mile | L5: Month | M5: Total Spend | N5: Avg Cost/Shipment | O5: Avg Weight/Shipment | Q5: Month | R5: Avg Cost/Shipment
A6: Oct-25 | B6: =COUNTIF('SCI_Report#BL68LX#jwade#25-MAR-'!W:W,DATE(2025,10,1)) -> 45 | C6: =SUMIF('SCI_Report#BL68LX#jwade#25-MAR-'!W:W,DATE(2025,10,1),'SCI_Report#BL68LX#jwade#25-MAR-'!P:P) -> 11138.72 | D6: =IF(B6=0,"-",C6/B6) -> 247.52711 | E6: =SUMIF('SCI_Report#BL68LX#jwade#25-MAR-'!W:W,DATE(2025,10,1),'SCI_Report#BL68LX#jwade#25-MAR-'!X:X) -> 92475.37 | F6: =IF(B6=0,"-",E6/B6) -> 2055.0082 | G6: =SUMIF('SCI_Report#BL68LX#jwade#25-MAR-'!W:W,DATE(2025,10,1),'SCI_Report#BL68LX#jwade#25-MAR-'!Y:Y) -> 19198 | H6: =IF(B6=0,"-",G6/B6) -> 426.62222 | I6: =IF(E6=0,"-",C6/E6) -> 0.12045067 | J6: =IF(G6=0,"-",C6/G6) -> 0.5802021 | L6: 46320 | M6: =C6 -> 11138.72 | N6: =D6 -> 247.52711 | O6: =F6 -> 2055.0082 | Q6: 46320 | R6: =D6 -> 247.52711
A7: Nov-25 | B7: =COUNTIF('SCI_Report#BL68LX#jwade#25-MAR-'!W:W,DATE(2025,11,1)) -> 35 | C7: =SUMIF('SCI_Report#BL68LX#jwade#25-MAR-'!W:W,DATE(2025,11,1),'SCI_Report#BL68LX#jwade#25-MAR-'!P:P) -> 13021.51 | D7: =IF(B7=0,"-",C7/B7) -> 372.04314 | E7: =SUMIF('SCI_Report#BL68LX#jwade#25-MAR-'!W:W,DATE(2025,11,1),'SCI_Report#BL68LX#jwade#25-MAR-'!X:X) -> 87192.17 | F7: =IF(B7=0,"-",E7/B7) -> 2491.2049 | G7: =SUMIF('SCI_Report#BL68LX#jwade#25-MAR-'!W:W,DATE(2025,11,1),'SCI_Report#BL68LX#jwade#25-MAR-'!Y:Y) -> 16181 | H7: =IF(B7=0,"-",G7/B7) -> 462.31429 | I7: =IF(E7=0,"-",C7/E7) -> 0.14934265 | J7: =IF(G7=0,"-",C7/G7) -> 0.80474075 | L7: 46351 | M7: =C7 -> 13021.51 | N7: =D7 -> 372.04314 | O7: =F7 -> 2491.2049 | Q7: 46351 | R7: =D7 -> 372.04314
A8: Dec-25 | B8: =COUNTIF('SCI_Report#BL68LX#jwade#25-MAR-'!W:W,DATE(2025,12,1)) -> 30 | C8: =SUMIF('SCI_Report#BL68LX#jwade#25-MAR-'!W:W,DATE(2025,12,1),'SCI_Report#BL68LX#jwade#25-MAR-'!P:P) -> 6542.96 | D8: =IF(B8=0,"-",C8/B8) -> 218.09867 | E8: =SUMIF('SCI_Report#BL68LX#jwade#25-MAR-'!W:W,DATE(2025,12,1),'SCI_Report#BL68LX#jwade#25-MAR-'!X:X) -> 35541.62 | F8: =IF(B8=0,"-",E8/B8) -> 1184.7207 | G8: =SUMIF('SCI_Report#BL68LX#jwade#25-MAR-'!W:W,DATE(2025,12,1),'SCI_Report#BL68LX#jwade#25-MAR-'!Y:Y) -> 9352 | H8: =IF(B8=0,"-",G8/B8) -> 311.73333 | I8: =IF(E8=0,"-",C8/E8) -> 0.1840929 | J8: =IF(G8=0,"-",C8/G8) -> 0.69963216 | L8: 46381 | M8: =C8 -> 6542.96 | N8: =D8 -> 218.09867 | O8: =F8 -> 1184.7207 | Q8: 46381 | R8: =D8 -> 218.09867
A9: Jan-26 | B9: =COUNTIF('SCI_Report#BL68LX#jwade#25-MAR-'!W:W,DATE(2026,1,1)) -> 39 | C9: =SUMIF('SCI_Report#BL68LX#jwade#25-MAR-'!W:W,DATE(2026,1,1),'SCI_Report#BL68LX#jwade#25-MAR-'!P:P) -> 13432.45 | D9: =IF(B9=0,"-",C9/B9) -> 344.42179 | E9: =SUMIF('SCI_Report#BL68LX#jwade#25-MAR-'!W:W,DATE(2026,1,1),'SCI_Report#BL68LX#jwade#25-MAR-'!X:X) -> 90921.37 | F9: =IF(B9=0,"-",E9/B9) -> 2331.3172 | G9: =SUMIF('SCI_Report#BL68LX#jwade#25-MAR-'!W:W,DATE(2026,1,1),'SCI_Report#BL68LX#jwade#25-MAR-'!Y:Y) -> 22803 | H9: =IF(B9=0,"-",G9/B9) -> 584.69231 | I9: =IF(E9=0,"-",C9/E9) -> 0.147737 | J9: =IF(G9=0,"-",C9/G9) -> 0.58906504 | L9: 46048 | M9: =C9 -> 13432.45 | N9: =D9 -> 344.42179 | O9: =F9 -> 2331.3172 | Q9: 46048 | R9: =D9 -> 344.42179
A10: Feb-26 | B10: =COUNTIF('SCI_Report#BL68LX#jwade#25-MAR-'!W:W,DATE(2026,2,1)) -> 37 | C10: =SUMIF('SCI_Report#BL68LX#jwade#25-MAR-'!W:W,DATE(2026,2,1),'SCI_Report#BL68LX#jwade#25-MAR-'!P:P) -> 12531.78 | D10: =IF(B10=0,"-",C10/B10) -> 338.69676 | E10: =SUMIF('SCI_Report#BL68LX#jwade#25-MAR-'!W:W,DATE(2026,2,1),'SCI_Report#BL68LX#jwade#25-MAR-'!X:X) -> 54113.61 | F10: =IF(B10=0,"-",E10/B10) -> 1462.53 | G10: =SUMIF('SCI_Report#BL68LX#jwade#25-MAR-'!W:W,DATE(2026,2,1),'SCI_Report#BL68LX#jwade#25-MAR-'!Y:Y) -> 24433 | H10: =IF(B10=0,"-",G10/B10) -> 660.35135 | I10: =IF(E10=0,"-",C10/E10) -> 0.23158278 | J10: =IF(G10=0,"-",C10/G10) -> 0.51290386 | L10: 46079 | M10: =C10 -> 12531.78 | N10: =D10 -> 338.69676 | O10: =F10 -> 1462.53 | Q10: 46079 | R10: =D10 -> 338.69676
A11: Mar-26 | B11: =COUNTIF('SCI_Report#BL68LX#jwade#25-MAR-'!W:W,DATE(2026,3,1)) -> 44 | C11: =SUMIF('SCI_Report#BL68LX#jwade#25-MAR-'!W:W,DATE(2026,3,1),'SCI_Report#BL68LX#jwade#25-MAR-'!P:P) -> 17742.69 | D11: =IF(B11=0,"-",C11/B11) -> 403.24295 | E11: =SUMIF('SCI_Report#BL68LX#jwade#25-MAR-'!W:W,DATE(2026,3,1),'SCI_Report#BL68LX#jwade#25-MAR-'!X:X) -> 86906.87 | F11: =IF(B11=0,"-",E11/B11) -> 1975.1561 | G11: =SUMIF('SCI_Report#BL68LX#jwade#25-MAR-'!W:W,DATE(2026,3,1),'SCI_Report#BL68LX#jwade#25-MAR-'!Y:Y) -> 27261 | H11: =IF(B11=0,"-",G11/B11) -> 619.56818 | I11: =IF(E11=0,"-",C11/E11) -> 0.20415751 | J11: =IF(G11=0,"-",C11/G11) -> 0.65084516 | L11: 46107 | M11: =C11 -> 17742.69 | N11: =D11 -> 403.24295 | O11: =F11 -> 1975.1561 | Q11: 46107 | R11: =D11 -> 403.24295
A12: Total / Avg | B12: =SUM(B6:B11) -> 230 | C12: =SUM(C6:C11) -> 74410.11 | D12: =IF(B12=0,"-",C12/B12) -> 323.52222 | E12: =SUM(E6:E11) -> 447151.01 | F12: =IF(B12=0,"-",E12/B12) -> 1944.1348 | G12: =SUM(G6:G11) -> 119228 | H12: =IF(B12=0,"-",G12/B12) -> 518.38261 | I12: =IF(E12=0,"-",C12/E12) -> 0.16640935 | J12: =IF(G12=0,"-",C12/G12) -> 0.62409929
Q13: Month | R13: Avg Weight (lbs)
A14: Month-over-Month Change | Q14: 46320 | R14: =F6 -> 2055.0082
A15: Month | B15: Shipment Δ | C15: Shipment Δ % | D15: Spend Δ | E15: Spend Δ % | F15: Avg Cost Δ % | G15: Weight Δ % | Q15: 46351 | R15: =F7 -> 2491.2049
A16: Nov-25 | B16: =B7-B6 -> -10 | C16: =IF(B6=0,"-",(B7-B6)/B6) -> -0.22222222 | D16: =C7-C6 -> 1882.79 | E16: =IF(C6=0,"-",(C7-C6)/C6) -> 0.16903109 | F16: =IF(D6=0,"-",(D7-D6)/D6) -> 0.50303997 | G16: =IF(E6=0,"-",(E7-E6)/E6) -> -0.057130888 | Q16: 46381 | R16: =F8 -> 1184.7207
A17: Dec-25 | B17: =B8-B7 -> -5 | C17: =IF(B7=0,"-",(B8-B7)/B7) -> -0.14285714 | D17: =C8-C7 -> -6478.55 | E17: =IF(C7=0,"-",(C8-C7)/C7) -> -0.49752678 | F17: =IF(D7=0,"-",(D8-D7)/D7) -> -0.41378125 | G17: =IF(E7=0,"-",(E8-E7)/E7) -> -0.59237601 | Q17: 46048 | R17: =F9 -> 2331.3172
A18: Jan-26 | B18: =B9-B8 -> 9 | C18: =IF(B8=0,"-",(B9-B8)/B8) -> 0.3 | D18: =C9-C8 -> 6889.49 | E18: =IF(C8=0,"-",(C9-C8)/C8) -> 1.0529623 | F18: =IF(D8=0,"-",(D9-D8)/D8) -> 0.57920174 | G18: =IF(E8=0,"-",(E9-E8)/E8) -> 1.5581662 | Q18: 46079 | R18: =F10 -> 1462.53
A19: Feb-26 | B19: =B10-B9 -> -2 | C19: =IF(B9=0,"-",(B10-B9)/B9) -> -0.051282051 | D19: =C10-C9 -> -900.67 | E19: =IF(C9=0,"-",(C10-C9)/C9) -> -0.067051804 | F19: =IF(D9=0,"-",(D10-D9)/D9) -> -0.016622171 | G19: =IF(E9=0,"-",(E10-E9)/E9) -> -0.40483068 | Q19: 46107 | R19: =F11 -> 1975.1561
A20: Mar-26 | B20: =B11-B10 -> 7 | C20: =IF(B10=0,"-",(B11-B10)/B10) -> 0.18918919 | D20: =C11-C10 -> 5210.91 | E20: =IF(C10=0,"-",(C11-C10)/C10) -> 0.41581563 | F20: =IF(D10=0,"-",(D11-D10)/D10) -> 0.19057223 | G20: =IF(E10=0,"-",(E11-E10)/E10) -> 0.60600762
A22: Carrier Breakdown
A23: Carrier | B23: Shipment Count | C23: % of Total | D23: Total Spend | E23: Avg Cost/Shipment
A24: ESTES EXPRESS LINES | B24: =COUNTIF('SCI_Report#BL68LX#jwade#25-MAR-'!N:N,"ESTES EXPRESS LINES") -> 184 | C24: =B24/B$12 -> 0.8 | D24: =SUMIF('SCI_Report#BL68LX#jwade#25-MAR-'!N:N,"ESTES EXPRESS LINES",'SCI_Report#BL68LX#jwade#25-MAR-'!P:P) -> 63832.01 | E24: =IF(B24=0,"-",D24/B24) -> 346.9131
A25: Southeastern Freight | B25: =COUNTIF('SCI_Report#BL68LX#jwade#25-MAR-'!N:N,"Southeastern Freight") -> 46 | C25: =B25/B$12 -> 0.2 | D25: =SUMIF('SCI_Report#BL68LX#jwade#25-MAR-'!N:N,"Southeastern Freight",'SCI_Report#BL68LX#jwade#25-MAR-'!P:P) -> 10578.1 | E25: =IF(B25=0,"-",D25/B25) -> 229.9587
A26: Total | B26: =SUM(B24:B25) -> 230 | C26: =SUM(C24:C25) -> 1 | D26: =SUM(D24:D25) -> 74410.11 | E26: =IF(B26=0,"-",D26/B26) -> 323.52222
A28: Top 15 Shipping Lanes (by Volume)
A29: Rank | B29: Origin State | C29: Dest State | D29: Shipment Count | E29: Total Spend | F29: Avg Cost/Shipment
A30: 1 | B30: FL | C30: FL | D30: =COUNTIFS('SCI_Report#BL68LX#jwade#25-MAR-'!D:D,"FL",'SCI_Report#BL68LX#jwade#25-MAR-'!G:G,"FL") -> 18 | E30: =SUMIFS('SCI_Report#BL68LX#jwade#25-MAR-'!P:P,'SCI_Report#BL68LX#jwade#25-MAR-'!D:D,"FL",'SCI_Report#BL68LX#jwade#25-MAR-'!G:G,"FL") -> 3252.61 | F30: =IF(D30=0,"-",E30/D30) -> 180.70056
A31: 2 | B31: GA | C31: NC | D31: =COUNTIFS('SCI_Report#BL68LX#jwade#25-MAR-'!D:D,"GA",'SCI_Report#BL68LX#jwade#25-MAR-'!G:G,"NC") -> 13 | E31: =SUMIFS('SCI_Report#BL68LX#jwade#25-MAR-'!P:P,'SCI_Report#BL68LX#jwade#25-MAR-'!D:D,"GA",'SCI_Report#BL68LX#jwade#25-MAR-'!G:G,"NC") -> 1937.05 | F31: =IF(D31=0,"-",E31/D31) -> 149.00385
A32: 3 | B32: TX | C32: TX | D32: =COUNTIFS('SCI_Report#BL68LX#jwade#25-MAR-'!D:D,"TX",'SCI_Report#BL68LX#jwade#25-MAR-'!G:G,"TX") -> 10 | E32: =SUMIFS('SCI_Report#BL68LX#jwade#25-MAR-'!P:P,'SCI_Report#BL68LX#jwade#25-MAR-'!D:D,"TX",'SCI_Report#BL68LX#jwade#25-MAR-'!G:G,"TX") -> 1523.23 | F32: =IF(D32=0,"-",E32/D32) -> 152.323
A33: 4 | B33: TN | C33: NC | D33: =COUNTIFS('SCI_Report#BL68LX#jwade#25-MAR-'!D:D,"TN",'SCI_Report#BL68LX#jwade#25-MAR-'!G:G,"NC") -> 9 | E33: =SUMIFS('SCI_Report#BL68LX#jwade#25-MAR-'!P:P,'SCI_Report#BL68LX#jwade#25-MAR-'!D:D,"TN",'SCI_Report#BL68LX#jwade#25-MAR-'!G:G,"NC") -> 2429 | F33: =IF(D33=0,"-",E33/D33) -> 269.88889
A34: 5 | B34: IN | C34: IL | D34: =COUNTIFS('SCI_Report#BL68LX#jwade#25-MAR-'!D:D,"IN",'SCI_Report#BL68LX#jwade#25-MAR-'!G:G,"IL") -> 8 | E34: =SUMIFS('SCI_Report#BL68LX#jwade#25-MAR-'!P:P,'SCI_Report#BL68LX#jwade#25-MAR-'!D:D,"IN",'SCI_Report#BL68LX#jwade#25-MAR-'!G:G,"IL") -> 1367.9 | F34: =IF(D34=0,"-",E34/D34) -> 170.9875
A35: 6 | B35: IN | C35: PA | D35: =COUNTIFS('SCI_Report#BL68LX#jwade#25-MAR-'!D:D,"IN",'SCI_Report#BL68LX#jwade#25-MAR-'!G:G,"PA") -> 6 | E35: =SUMIFS('SCI_Report#BL68LX#jwade#25-MAR-'!P:P,'SCI_Report#BL68LX#jwade#25-MAR-'!D:D,"IN",'SCI_Report#BL68LX#jwade#25-MAR-'!G:G,"PA") -> 2418.36 | F35: =IF(D35=0,"-",E35/D35) -> 403.06
A36: 7 | B36: PA | C36: IL | D36: =COUNTIFS('SCI_Report#BL68LX#jwade#25-MAR-'!D:D,"PA",'SCI_Report#BL68LX#jwade#25-MAR-'!G:G,"IL") -> 5 | E36: =SUMIFS('SCI_Report#BL68LX#jwade#25-MAR-'!P:P,'SCI_Report#BL68LX#jwade#25-MAR-'!D:D,"PA",'SCI_Report#BL68LX#jwade#25-MAR-'!G:G,"IL") -> 2061.47 | F36: =IF(D36=0,"-",E36/D36) -> 412.294
A37: 8 | B37: PA | C37: NJ | D37: =COUNTIFS('SCI_Report#BL68LX#jwade#25-MAR-'!D:D,"PA",'SCI_Report#BL68LX#jwade#25-MAR-'!G:G,"NJ") -> 5 | E37: =SUMIFS('SCI_Report#BL68LX#jwade#25-MAR-'!P:P,'SCI_Report#BL68LX#jwade#25-MAR-'!D:D,"PA",'SCI_Report#BL68LX#jwade#25-MAR-'!G:G,"NJ") -> 2200.75 | F37: =IF(D37=0,"-",E37/D37) -> 440.15
A38: 9 | B38: IN | C38: CA | D38: =COUNTIFS('SCI_Report#BL68LX#jwade#25-MAR-'!D:D,"IN",'SCI_Report#BL68LX#jwade#25-MAR-'!G:G,"CA") -> 4 | E38: =SUMIFS('SCI_Report#BL68LX#jwade#25-MAR-'!P:P,'SCI_Report#BL68LX#jwade#25-MAR-'!D:D,"IN",'SCI_Report#BL68LX#jwade#25-MAR-'!G:G,"CA") -> 3476.36 | F38: =IF(D38=0,"-",E38/D38) -> 869.09
A39: 10 | B39: GA | C39: TX | D39: =COUNTIFS('SCI_Report#BL68LX#jwade#25-MAR-'!D:D,"GA",'SCI_Report#BL68LX#jwade#25-MAR-'!G:G,"TX") -> 4 | E39: =SUMIFS('SCI_Report#BL68LX#jwade#25-MAR-'!P:P,'SCI_Report#BL68LX#jwade#25-MAR-'!D:D,"GA",'SCI_Report#BL68LX#jwade#25-MAR-'!G:G,"TX") -> 2683.44 | F39: =IF(D39=0,"-",E39/D39) -> 670.86
A40: 11 | B40: SC | C40: NC | D40: =COUNTIFS('SCI_Report#BL68LX#jwade#25-MAR-'!D:D,"SC",'SCI_Report#BL68LX#jwade#25-MAR-'!G:G,"NC") -> 4 | E40: =SUMIFS('SCI_Report#BL68LX#jwade#25-MAR-'!P:P,'SCI_Report#BL68LX#jwade#25-MAR-'!D:D,"SC",'SCI_Report#BL68LX#jwade#25-MAR-'!G:G,"NC") -> 521.33 | F40: =IF(D40=0,"-",E40/D40) -> 130.3325
A41: 12 | B41: NC | C41: FL | D41: =COUNTIFS('SCI_Report#BL68LX#jwade#25-MAR-'!D:D,"NC",'SCI_Report#BL68LX#jwade#25-MAR-'!G:G,"FL") -> 4 | E41: =SUMIFS('SCI_Report#BL68LX#jwade#25-MAR-'!P:P,'SCI_Report#BL68LX#jwade#25-MAR-'!D:D,"NC",'SCI_Report#BL68LX#jwade#25-MAR-'!G:G,"FL") -> 626.02 | F41: =IF(D41=0,"-",E41/D41) -> 156.505
A42: 13 | B42: IN | C42: OH | D42: =COUNTIFS('SCI_Report#BL68LX#jwade#25-MAR-'!D:D,"IN",'SCI_Report#BL68LX#jwade#25-MAR-'!G:G,"OH") -> 3 | E42: =SUMIFS('SCI_Report#BL68LX#jwade#25-MAR-'!P:P,'SCI_Report#BL68LX#jwade#25-MAR-'!D:D,"IN",'SCI_Report#BL68LX#jwade#25-MAR-'!G:G,"OH") -> 963.19 | F42: =IF(D42=0,"-",E42/D42) -> 321.06333
A43: 14 | B43: IN | C43: MN | D43: =COUNTIFS('SCI_Report#BL68LX#jwade#25-MAR-'!D:D,"IN",'SCI_Report#BL68LX#jwade#25-MAR-'!G:G,"MN") -> 3 | E43: =SUMIFS('SCI_Report#BL68LX#jwade#25-MAR-'!P:P,'SCI_Report#BL68LX#jwade#25-MAR-'!D:D,"IN",'SCI_Report#BL68LX#jwade#25-MAR-'!G:G,"MN") -> 2427.77 | F43: =IF(D43=0,"-",E43/D43) -> 809.25667
A44: 15 | B44: TN | C44: PA | D44: =COUNTIFS('SCI_Report#BL68LX#jwade#25-MAR-'!D:D,"TN",'SCI_Report#BL68LX#jwade#25-MAR-'!G:G,"PA") -> 3 | E44: =SUMIFS('SCI_Report#BL68LX#jwade#25-MAR-'!P:P,'SCI_Report#BL68LX#jwade#25-MAR-'!D:D,"TN",'SCI_Report#BL68LX#jwade#25-MAR-'!G:G,"PA") -> 1189.56 | F44: =IF(D44=0,"-",E44/D44) -> 396.52
